canonical_smiles,standard_units,standard_value,units,value,Potency
CCN(CC)C(=O)c1ccc(C(=C2CCNCC2)c2cccc(OC)c2)cc1,nM,1.56,nM,1.56,Active
CCN(CC)C(=O)c1ccc(C(=C2CCNCC2)c2ccccc2OC)cc1,nM,0.97,nM,0.97,Active
CCN(CC)C(=O)c1ccc(C(c2ccccc2)C2CCNCC2)cc1,nM,8.77,nM,8.77,Active
C=CCN1C[C@H](C)N([C@H](c2ccc(C(=O)N(CC)CC)cc2)c2cccc(OC)c2)C[C@H]1C,nM,1.31,nM,1.31,Active
CCCCN1CCC(=C(c2ccccc2)c2ccc(C(=O)N(CC)CC)cc2)CC1,nM,6.53,nM,6.53,Active
CCN(CC)C(=O)c1ccc(C(=C2CCNCC2)c2ccc(F)cc2)cc1,nM,15.0,nM,15.0,Active
CCN(CC)C(=O)c1ccc(C(c2ccccc2)N2CCNCC2)cc1,nM,11.3,nM,11.3,Active
CCN(CC)C(=O)c1ccc(C(=C2CCNCC2)c2ccccc2)cc1,nM,0.87,nM,0.87,Active
CCN(CC)C(=O)c1ccc(C(=C2CCNCC2)c2c(C)cccc2C)cc1,nM,187.0,nM,187.0,Active
CCN(CC)C(=O)c1ccc(C(=C2CCN(c3ccccc3)CC2)c2ccccc2)cc1,nM,736.0,nM,736.0,Active
C=CCN1CCC(=C(c2ccccc2)c2ccc(C(=O)N(CC)CC)cc2)CC1,nM,3.0,nM,3.0,Active
CCN(CC)C(=O)c1ccc(C(=C2CCNCC2)c2ccc(Cl)c(Cl)c2)cc1,nM,2.31,nM,2.31,Active
CCN(CC)C(=O)c1ccc(C(=C2CCN(C)CC2)c2ccccc2)cc1,nM,27.0,nM,27.0,Active
CCN(CC)C(=O)c1ccc(C(=C2CCNCC2)c2cccc(F)c2)cc1,nM,0.74,nM,0.74,Active
CCN(CC)C(=O)c1ccc(C(=C2CCNCC2)c2cccs2)cc1,nM,2.85,nM,2.85,Active
CCN(CC)C(=O)c1ccc(C(=C2CCNCC2)c2cccc([N+](=O)[O-])c2)cc1,nM,1.1,nM,1.1,Active
CCN(CC)C(=O)c1ccc(C(=C2CCN(CC3CC3)CC2)c2ccccc2)cc1,nM,9.35,nM,9.35,Active
CCN(CC)C(=O)c1ccc(C(=C2CCNCC2)c2ccc(SC)cc2)cc1,nM,2.09,nM,2.09,Active
CCN(CC)C(=O)c1ccc(C(=C2CCNCC2)c2cccc3ccccc23)cc1,nM,1.23,nM,1.23,Active
CCN(CC)C(=O)c1ccc(C(=C2CCNCC2)c2cccc(N)c2)cc1,nM,2.57,nM,2.57,Active
CCN(CC)C(=O)c1ccc(C(=C2CCN(C3CCCCC3)CC2)c2ccccc2)cc1,nM,35.5,nM,35.5,Active
CCN(CC)C(=O)c1ccc(C(=C2CCN(CC=C(C)C)CC2)c2ccccc2)cc1,nM,2.09,nM,2.09,Active
CCN(CC)C(=O)c1ccc(C(=C2CCNCC2)c2ccccc2F)cc1,nM,1.04,nM,1.04,Active
CCN(CC)C(=O)c1ccc(C(=C2CCNCC2)c2ccc(OC)cc2)cc1,nM,2.04,nM,2.04,Active
CCN(CC)C(=O)c1ccc(C(=C2CCNCC2)c2cccc(C(F)(F)F)c2)cc1,nM,0.63,nM,0.63,Active
CCN(CC)C(=O)c1ccc(C(=C2CCNCC2)c2cccc(C(C)=O)c2)cc1,nM,0.86,nM,0.86,Active
CCN(CC)C(=O)c1ccc(C(=C2CCNCC2)c2ccc(Cl)cc2)cc1,nM,4.17,nM,4.17,Active
CC(C)C[C@H](NC(=O)[C@H](Cc1ccccc1)NC(=O)CNC(=O)[C@H](NC(=O)[C@@H](N)Cc1ccc(O)cc1)[C@@H](C)O)C(=O)N[C@@H](CO[C@H]1O[C@@H](CO)[C@H](O)[C@@H](O)[C@H]1O)C(N)=O,nM,3.4,nM,3.4,Active
CC(C)C[C@H](NC(=O)[C@H](Cc1ccccc1)NC(=O)CNC(=O)[C@H](NC(=O)[C@@H](N)Cc1ccc(O)cc1)[C@@H](C)O)C(=O)N[C@@H](CO)C(N)=O,nM,2.4,nM,2.4,Active
C=CCN1CC[C@]23c4c5ccc(O)c4O[C@H]2C(=O)CC[C@@]3(O)[C@H]1C5,nM,151.0,nM,151.0,Active
CC(C)(C)c1ccc(C(c2cccc(O)c2)N2CCN(Cc3ccccc3)CC2)cc1,nM,5.51,nM,5.51,Active
CC1(C)SSC(C)(C)[C@@H](NC(=O)[C@@H](N)Cc2ccc(O)cc2)C(=O)NCC(=O)N[C@@H](Cc2ccc(Cl)cc2)C(=O)N[C@H]1C(=O)O,nM,1.53,nM,1.53,Active
O=[N+]([O-])c1cc2c(cc1CN1CCC(n3c(O)nc4ccccc43)CC1)OCO2,nM,264.0,nM,264.0,Active
O=[N+]([O-])c1cc2c(cc1CN1CC=C(n3c(O)nc4ccccc43)CC1)OCO2,nM,1040.0,nM,1040.0,Active
O=C(OCc1cc2c(cc1Cl)OCO2)N1CCC(n2c(O)nc3ccccc32)CC1,nM,2530.0,nM,2530.0,Active
Cc1ccc2nc(O)n(C3CCN(Cc4cc5c(cc4Cl)OCO5)CC3)c2c1,nM,117.0,nM,117.0,Active
Oc1nc2ccccc2n1CCCNCc1cc2c(cc1Cl)OCO2,nM,3330.0,nM,3330.0,Active
CN1CC[C@]23c4c5ccc(O)c4O[C@H]2[C@@H](O)C=C[C@H]3[C@H]1C5.CN1CC[C@]23c4c5ccc(O)c4O[C@H]2[C@@H](O)C=C[C@H]3[C@H]1C5.O=S(=O)(O)O,nM,242.0,nM,242.0,Active
CCC(=O)N(c1ccccc1)C1CCN(CCc2ccccc2)CC1,nM,431.0,nM,431.0,Active
Cc1ncc([N+](=O)[O-])n1CCNC(=O)N1CCC(c2cc(-c3ccc(Cl)cc3Cl)[nH]n2)CC1,nM,7130.0,nM,7130.0,Active
CNC(=O)CN1CN(c2ccccc2)C2(CCN(Cc3cc4c(cc3Cl)OCO4)CC2)C1=O,nM,11.4,nM,11.4,Active
O=C1NCN(c2ccccc2)C12CCN(Cc1ccc3nsnc3c1)CC2,nM,4120.0,nM,4120.0,Active
CO[C@@]12CC[C@@]3(C[C@@H]1[C@](C)(O)C(C)(C)C)[C@H]1Cc4ccc(O)c5c4[C@@]3(CCN1CC1CC1)[C@H]2O5.Cl,nM,0.9,nM,0.9,Active
Oc1nc2ccccc2n1C1CCN(Cc2cc3c(cc2Cl)OCO3)CC1,nM,37.4,nM,37.4,Active
CCC(=O)C(CC(C)N(C)C)(c1ccccc1)c1ccccc1,nM,1090.0,nM,1090.0,Active
COc1ccc(CN2CCC(n3c(O)nc4ccccc43)CC2)c(Cl)c1,nM,1410.0,nM,1410.0,Active
Oc1ccc2c3c1O[C@H]1[C@@H](O)CC[C@@]4(O)[C@@H](C2)N(CC2CCC2)CC[C@]314,nM,353.0,nM,353.0,Active
Cc1ccc2nc(O)n(C3CCN(C(=O)OCc4cc5c(cc4Cl)OCO5)CC3)c2c1,nM,5640.0,nM,5640.0,Active
O=C1NCN(c2ccccc2)C12CCN(Cc1ccc3c(c1)OCO3)CC2,nM,1190.0,nM,1190.0,Active
CN(C)C(=O)C(CCN1CCC(O)(c2ccc(Cl)cc2)CC1)(c1ccccc1)c1ccccc1.Cl,nM,123.0,nM,123.0,Active
O=C1NCN(c2ccccc2)C12CCN(Cc1cccc(Oc3ccccc3)c1)CC2,nM,1840.0,nM,1840.0,Active
O=C1CNc2ccccc2N1C1CCN(Cc2cc3c(cc2Cl)OCO3)CC1,nM,620.0,nM,620.0,Active
O=C1NCN(c2ccccc2)C12CCN(Cc1cc3c(cc1Cl)OCO3)CC2,nM,138.0,nM,138.0,Active
CNC(=O)CN1CN(c2ccccc2)C2(CCN(C(=O)OCc3cc4c(cc3Cl)OCO4)CC2)C1=O,nM,1765.0,nM,1765.0,Active
COc1ccc2c(c1OC)[C@]13CC[N+](C)(C)[C@H](C2)[C@]12C=C[C@]1(OC)[C@H]3N=C(c3ccccc3)[C@]1(C)C2.[I-],nM,34.0,nM,34.0,Active
CN(C(=O)Cc1ccccc1)[C@H]1CC[C@@]2(CCCO2)C[C@@H]1N1CCCC1,nM,5844.0,nM,5844.0,Active
CO[C@@]12C=C[C@]34C[C@]1(C)[C@@H](c1ccccc1)N[C@H]2[C@@]31CCN(C)[C@@H]4Cc2ccc(O)cc21,nM,0.32,nM,0.32,Active
CO[C@]12C=C[C@]34C[C@@]1(C)[C@H](c1ccccc1)N(C)[C@H]2C31CCN(C)C4Cc2ccc(O)cc21,nM,0.71,nM,0.71,Active
CCC(=O)N(c1ccccc1)C1(C(=O)OC)CCN(CCn2cccn2)CC1,nM,809.0,nM,809.0,Active
COC12C=CC34C[C@@]1(C)C(c1ccccc1)=N[C@H]2C31CCN(C)C4Cc2ccc(O)cc21,nM,0.69,nM,0.69,Active
COc1ccc(Cl)cc1-c1cccn(C(CN2CCCC2)c2ccccc2)c1=O,nM,4170.0,nM,4170.0,Active
CCC(=O)N(c1ccccc1)C1(COC)CCN(CCn2cccn2)CC1,nM,1701.0,nM,1701.0,Active
COc1ccc2c(c1O)C13CCN(C)C(C2)C12C=CC1(OC)[C@H]3N=C(c3ccccc3)[C@]1(C)C2,nM,2.44,nM,2.44,Active
Cc1cccc(-c2cccn(C(CN3CCCC3)c3ccccc3)c2=O)c1,nM,639.0,nM,639.0,Active
COc1ccc(-c2cccn(C(CN3CCCC3)c3ccccc3)c2=O)cc1,nM,5214.0,nM,5214.0,Active
CC(c1ccccc1Cl)N1CCC(n2c(O)nc3ccccc32)CC1,nM,1900.0,nM,1900.0,Active
CCOc1ccc(C2=N[C@H]3C45CCN(C)C(Cc6ccc(OC)c(O)c64)[C@]54C=C[C@@]3(OC)[C@@]2(C)C4)cc1,nM,11.62,nM,11.62,Active
COc1ccc(F)cc1-c1cccn(C(CN2CCCC2)c2ccccc2)c1=O,nM,4350.0,nM,4350.0,Active
CC[C@H](C)[C@H](NC(=O)[C@H](CCCCN)NC(=O)[C@H](CCCN=C(N)N)NC(=O)[C@H](CC(C)C)NC(=O)[C@H](Cc1ccccc1)NC(=O)[C@@H](CC(=O)O)NC(=O)CNC(=O)[C@@H](N)Cc1ccc(O)cc1)C(=O)N[C@@H](CCCN=C(N)N)C(=O)N1CCC[C@@H]1C(=O)N[C@H](CCCCN)C(N)=O,nM,870.0,nM,870.0,Active
CC[C@H](C)[C@H](NC(=O)[C@H](CCCN=C(N)N)NC(=O)[C@H](CCCN=C(N)N)NC(=O)[C@H](CC(C)C)NC(=O)[C@H](Cc1ccccc1)NC(=O)CNC(=O)CNC(=O)[C@@H](N)Cc1ccc(O)cc1)C(=O)N[C@@H](CCCN=C(N)N)C(=O)N1CCC[C@H]1C(=O)N[C@@H](CCCCN)C(N)=O,nM,26.0,nM,26.0,Active
CC[C@H](C)[C@H](NC(=O)[C@H]1CCCCNC(=O)C[C@@H](NC(=O)CNC(=O)[C@@H](N)Cc2ccc(O)cc2)C(=O)N[C@H](Cc2ccccc2)C(=O)N[C@@H](CC(C)C)C(=O)N[C@H](CCCN=C(N)N)C(=O)N1)C(=O)N[C@@H](CCCN=C(N)N)C(=O)N1CCC[C@@H]1C(=O)N[C@H](CCCCN)C(N)=O,nM,1710.0,nM,1710.0,Active
CC[C@H](C)[C@H](NC(=O)[C@H]1CCCCNC(=O)C[C@H](NC(=O)CNC(=O)[C@@H](N)Cc2ccc(O)cc2)C(=O)N[C@H](Cc2ccccc2)C(=O)N[C@@H](CC(C)C)C(=O)N[C@H](CCCN=C(N)N)C(=O)N1)C(=O)N[C@@H](CCCN=C(N)N)C(=O)N1CCC[C@@H]1C(=O)N[C@H](CCCCN)C(N)=O,nM,130.0,nM,130.0,Active
CC[C@@H](C)[C@H]1NC(=O)[C@H](CCCN=C(N)N)NC(=O)[C@@H](CCCN=C(N)N)NC(=O)[C@H](NC(=O)[C@@H](Cc2ccccc2)NC(=O)CNC(=O)CNC(=O)[C@H](N)Cc2ccc(O)cc2)CCCCNC(=O)C[C@H](C(=O)N2CCC[C@H]2C(=O)N[C@H](CCCCN)C(N)=O)NC1=O,nM,150.0,nM,150.0,Active
CC[C@H](C)[C@H](NC(=O)[C@H](CCCCN)NC(=O)[C@H](CCCN=C(N)N)NC(=O)[C@H](CC(C)C)NC(=O)[C@H](Cc1ccccc1)NC(=O)[C@H](CC(=O)O)NC(=O)CNC(=O)[C@@H](N)Cc1ccc(O)cc1)C(=O)N[C@@H](CCCN=C(N)N)C(=O)N1CCC[C@@H]1C(=O)N[C@H](CCCCN)C(N)=O,nM,1800.0,nM,1800.0,Active
CC[C@H](C)[C@H](NC(=O)[C@H](CCCN=C(N)N)NC(=O)[C@H](CCCN=C(N)N)NC(=O)[C@H](CCCCN)NC(=O)[C@H](Cc1ccccc1)NC(=O)CNC(=O)CNC(=O)[C@@H](N)Cc1ccc(O)cc1)C(=O)N[C@H](CC(=O)O)C(=O)N1CCC[C@@H]1C(=O)N[C@H](CCCCN)C(N)=O,nM,1970.0,nM,1970.0,Active
CC[C@H](C)[C@H](NC(=O)[C@H](CCCN=C(N)N)NC(=O)[C@H](CCCCN)NC(=O)[C@H](CC(C)C)NC(=O)[C@H](Cc1ccccc1)NC(=O)CNC(=O)[C@@H](CC(=O)O)NC(=O)[C@@H](N)Cc1ccc(O)cc1)C(=O)N[C@@H](CCCN=C(N)N)C(=O)N1CCC[C@@H]1C(=O)N[C@H](CCCCN)C(N)=O,nM,560.0,nM,560.0,Active
CC[C@H](C)[C@H](NC(=O)[C@H](CCCN=C(N)N)NC(=O)[C@H](CCCCN)NC(=O)[C@H](CC(C)C)NC(=O)[C@H](Cc1ccccc1)NC(=O)CNC(=O)[C@H](CC(=O)O)NC(=O)[C@@H](N)Cc1ccc(O)cc1)C(=O)N[C@@H](CCCN=C(N)N)C(=O)N1CCC[C@@H]1C(=O)N[C@H](CCCCN)C(N)=O,nM,1.15,nM,1.15,Active
CC[C@H](C)[C@H](NC(=O)[C@H](CCCN=C(N)N)NC(=O)[C@@H]1CCCCNC(=O)C[C@H](NC(=O)[C@@H](N)Cc2ccc(O)cc2)C(=O)NCC(=O)N[C@H](Cc2ccccc2)C(=O)N[C@@H](CC(C)C)C(=O)N1)C(=O)N[C@@H](CCCN=C(N)N)C(=O)N1CCC[C@@H]1C(=O)N[C@H](CCCCN)C(N)=O,nM,12.0,nM,12.0,Active
CC[C@@H](C)[C@H]1NC(=O)[C@H](CCCN=C(N)N)NC(=O)[C@@H](CCCN=C(N)N)NC(=O)[C@H](NC(=O)[C@@H](Cc2ccccc2)NC(=O)CNC(=O)CNC(=O)[C@H](N)Cc2ccc(O)cc2)CCCCNC(=O)C[C@@H](C(=O)N2CCC[C@H]2C(=O)N[C@H](CCCCN)C(N)=O)NC1=O,nM,50.0,nM,50.0,Active
CC[C@H](C)[C@H](NC(=O)[C@H](CCCN=C(N)N)NC(=O)[C@H](CCCN=C(N)N)NC(=O)[C@H](CCCCN)NC(=O)[C@H](Cc1ccccc1)NC(=O)CNC(=O)CNC(=O)[C@@H](N)Cc1ccc(O)cc1)C(=O)N[C@@H](CC(=O)O)C(=O)N1CCC[C@@H]1C(=O)N[C@H](CCCCN)C(N)=O,nM,3290.0,nM,3290.0,Active
CC[C@H](C)[C@H](NC(=O)[C@H](CCCN=C(N)N)NC(=O)[C@@H]1CCCCNC(=O)C[C@@H](NC(=O)[C@@H](N)Cc2ccc(O)cc2)C(=O)NCC(=O)N[C@H](Cc2ccccc2)C(=O)N[C@@H](CC(C)C)C(=O)N1)C(=O)N[C@@H](CCCN=C(N)N)C(=O)N1CCC[C@@H]1C(=O)N[C@H](CCCCN)C(N)=O,nM,910.0,nM,910.0,Active
C=C(Cl)C(=O)N[C@@H]1CCC2C3Cc4ccc(O)c5c4C2(CCN3C)[C@H]1O5,nM,45.0,nM,45.0,Active
CC(C)C[C@H](NC(=O)[C@H](Cc1ccccc1)NC(=O)CNC(=O)[C@@H](CO)NC(=O)[C@@H](N)Cc1ccc(O)cc1)C(=O)N[C@H](C(=O)O)[C@@H](C)O,nM,1.3,nM,1.3,Active
C=C(Cl)C(=O)N[C@@H]1CCC2C3Cc4ccc(O)c5c4C2(CCN3CC2CC2)[C@H]1O5,nM,0.53,nM,0.53,Active
CN(C(=O)Cc1ccc(Cl)c(Cl)c1)[C@H](CN1CCCC1)c1ccccc1,nM,600.0,nM,600.0,Active
CN(C(=O)Cc1ccccc1N=C=S)[C@H](CN1CCCC1)c1ccccc1,nM,1060.0,nM,1060.0,Active
CN(C(=O)Cc1cc(Cl)c(Cl)cc1N=C=S)[C@H](CN1CCCC1)c1ccccc1,nM,1700.0,nM,1700.0,Active
CN(C(=O)Cc1ccc(N=C=S)cc1)[C@H](CN1CCCC1)c1ccccc1,nM,150.0,nM,150.0,Active
C=C(Cl)C(=O)N[C@@]12CCC(=O)[C@@H]3Oc4c(O)ccc5c4C31CCN(C)C2C5,nM,178.0,nM,178.0,Active
CC1(C)SSC(C)(C)[C@@H](NC(=O)[C@@H](N)Cc2ccc(O)cc2)C(=O)NCC(=O)N[C@@H](Cc2ccccc2)C(=O)N[C@H]1C(=O)O,nM,1.8,nM,1.8,Active
C=C(Cl)C(=O)N[C@@]12CCC(=O)[C@@H]3Oc4c(O)ccc5c4C31CCN(CC1CC1)C2C5,nM,177.0,nM,177.0,Active
CN(C(=O)Cc1cccc(N=C=S)c1)[C@H](CN1CCCC1)c1ccccc1,nM,144.0,nM,144.0,Active
CCCC[C@@H](C(=O)N[C@@H](CC(=O)O)C(=O)N[C@@H](Cc1ccccc1)C(N)=O)N(C)C(=O)[C@H](NC(=O)CNC(=O)[C@@H](Cc1ccccc1)NC(=O)[C@H](Cc1ccc(O)cc1)NC(=O)[C@@H](N)CC(=O)O)[C@H](C)c1c[nH]c2ccccc12,nM,820.0,nM,820.0,Active
CCCC[C@@H](C(=O)N[C@@H](CC(=O)O)C(=O)N[C@@H](Cc1ccccc1)C(N)=O)N(C)C(=O)[C@H](NC(=O)CNC(=O)[C@@H](Cc1ccccc1)NC(=O)[C@H](Cc1ccc(O)cc1)NC(=O)[C@@H](N)CC(=O)O)[C@@H](C)c1c[nH]c2ccccc12,nM,1050.0,nM,1050.0,Active
CCCC[C@@H](C(=O)N[C@@H](CC(=O)O)C(=O)N[C@@H](Cc1ccccc1)C(N)=O)N(C)C(=O)[C@H](Cc1c[nH]c2ccccc12)NC(=O)CNC(=O)[C@@H](Cc1ccccc1)NC(=O)[C@H](Cc1ccc(O)cc1)NC(=O)[C@@H](N)CC(=O)O,nM,29.0,nM,29.0,Active
CCCC[C@@H](C(=O)N[C@@H](CC(=O)O)C(=O)N[C@@H](Cc1ccccc1)C(N)=O)N(C)C(=O)[C@@H](NC(=O)CNC(=O)[C@@H](Cc1ccccc1)NC(=O)[C@H](Cc1ccc(O)cc1)NC(=O)[C@@H](N)CC(=O)O)[C@H](C)c1c[nH]c2ccccc12,nM,65.0,nM,65.0,Active
CCCC[C@@H](C(=O)N[C@@H](CC(=O)O)C(=O)N[C@@H](Cc1ccccc1)C(N)=O)N(C)C(=O)[C@@H](NC(=O)CNC(=O)[C@@H](Cc1ccccc1)NC(=O)[C@H](Cc1ccc(O)cc1)NC(=O)[C@@H](N)CC(=O)O)[C@@H](C)c1c[nH]c2ccccc12,nM,140.0,nM,140.0,Active
Oc1ccc2c3c1OC1[C@@H](OCc4ccc(-c5ccccc5)cc4)CCC4(O)C(C2)N(CC2CC2)CCC314,nM,19.0,nM,19.0,Active
Oc1ccc2c3c1O[C@H]1[C@H](O)CC[C@@]4(O)[C@@H](C2)N(CC2CC2)CC[C@]314,nM,26.0,nM,26.0,Active
Oc1ccc2c3c1OC1[C@@H](OCc4cccc5ccccc45)CCC4(O)C(C2)N(CC2CC2)CCC314,nM,6.6,nM,6.6,Active
O=C1CC[C@@]2(O)[C@H]3Cc4ccc(O)c5c4[C@@]2(CCN3CC2CC2)[C@H]1O5,nM,10.0,nM,10.0,Active
Oc1ccc2c3c1OC1[C@@H](OCc4c5ccccc5cc5ccccc45)CCC4(O)C(C2)N(CC2CC2)CCC314,nM,36.0,nM,36.0,Active
Oc1ccc2c3c1OC1[C@H](OCc4c5ccccc5cc5ccccc45)CCC4(O)C(C2)N(CC2CC2)CCC314,nM,48.0,nM,48.0,Active
Oc1ccc2c3c1OC1[C@@H](OCc4ccc5ccccc5c4)CCC4(O)C(C2)N(CC2CC2)CCC314,nM,20.0,nM,20.0,Active
O=C(COC1CCC2(O)C3Cc4ccc(O)c5c4C2(CCN3CC2CC2)C1O5)C1[C@H]2C[C@@H]3C[C@@H](C[C@H]1C3)C2,nM,30.0,nM,30.0,Active
Oc1ccc2c3c1OC1[C@H](OCc4ccc5ccccc5c4)CCC4(O)C(C2)N(CC2CC2)CCC314,nM,25.0,nM,25.0,Active
Oc1ccc2c3c1OC1[C@H](OCc4ccccc4)CCC4(O)C(C2)N(CC2CC2)CCC314,nM,2.9,nM,2.9,Active
Oc1ccc2c3c1OC1[C@@H](OCc4ccccc4)CCC4(O)C(C2)N(CC2CC2)CCC314,nM,1.4,nM,1.4,Active
Oc1ccc2c3c1OC1[C@H](OCc4ccc(-c5ccccc5)cc4)CCC4(O)C(C2)N(CC2CC2)CCC314,nM,11.0,nM,11.0,Active
Oc1ccc2c3c1OC1[C@H](OCc4cccc5ccccc45)CCC4(O)C(C2)N(CC2CC2)CCC314,nM,5.5,nM,5.5,Active
CC(C)[C@H](NC(=O)[C@H](CC(=O)O)NC(=O)C1(NC(=O)[C@@H](C)NC(=O)[C@@H](N)Cc2ccc(O)cc2)Cc2ccccc2C1)C(=O)N[C@H](C(=O)NCC(N)=O)C(C)C,nM,369.0,nM,369.0,Active
C=C(COc1ccc2c3c1O[C@H]1C(=O)CC[C@@]4(O)[C@@H](C2)N(C)CC[C@]314)C(=O)OC,nM,21.0,nM,21.0,Active
C=C(CO[C@@H]1CC[C@@]2(O)[C@H]3Cc4ccc(O)c5c4[C@@]2(CCN3CC2CC2)[C@H]1O5)C(=O)OC,nM,1.4,nM,1.4,Active
C=C(COc1ccc2c3c1O[C@H]1c4[nH]c5c(c4C[C@@]4(O)[C@@H](C2)N(CC2CC2)CC[C@]314)C[C@@]1(O)[C@H]2Cc3ccc(OCC(=C)C(=O)OC)c4c3[C@@]1(CCN2CC1CC1)[C@H]5O4)C(=O)OC,nM,50.0,nM,50.0,Active
C=C(COc1ccc2c3c1O[C@H]1[C@@]4(OC)C=C[C@@]5(C[C@@H]4[C@](C)(O)CCC)[C@@H](C2)N(C)CC[C@]315)C(=O)OC,nM,1.2,nM,1.2,Active
Oc1ccc2c3c1O[C@H]1c4[nH]c5ccccc5c4C[C@@]4(O)[C@@H](C2)N(CC2CC2)CC[C@]314,nM,0.32,nM,0.32,Active
CC(C)[C@H](NC(=O)[C@H](CC(=O)O)NC(=O)C1(NC(=O)[C@@H](C)NC(=O)[C@@H](N)Cc2ccc(O)cc2)CCc2ccccc2C1)C(=O)N[C@H](C(=O)NCC(N)=O)C(C)C,nM,1620.0,nM,1620.0,Active
C=C(COc1ccc2c3c1O[C@H]1c4[nH]c5ccccc5c4C[C@@]4(O)[C@@H](C2)N(CC2CC2)CC[C@]314)C(=O)OC,nM,0.8,nM,0.8,Active
CN1CC[C@]23c4c5ccc(O)c4O[C@H]2C(=O)CC[C@@]3(O)[C@H]1C5,nM,45.0,nM,45.0,Active
Oc1ccc2c3c1O[C@H]1c4[nH]c5c(c4C[C@@]4(O)[C@@H](C2)N(CC2CC2)CC[C@]314)C[C@@]1(O)[C@H]2Cc3ccc(O)c4c3[C@@]1(CCN2CC1CC1)[C@H]5O4,nM,22.0,nM,22.0,Active
CCC12CCN(CC3(O)CC3)C(Cc3ccc(O)cc31)C2(C)C,nM,1.5,nM,1.5,Active
CN1CC[C@]23c4c5ccc(-c6ccoc6)c4O[C@H]2[C@@H](O)C=C[C@H]3[C@H]1C5,nM,7400.0,nM,7400.0,Active
CC(C)[C@H](NC(=O)[C@H](CC(=O)O)NC(=O)[C@H](Cc1ccccc1)NC(=O)[C@@H](C)NC(=O)[C@@H](N)Cc1ccc(O)cc1)C(=O)N[C@H](C(=O)NCC(N)=O)C(C)C,nM,420.0,nM,420.0,Active
CO[C@]12CC[C@@]3(C[C@@H]1C(C)(C)O)[C@H]1Cc4ccc(O)c5c4[C@@]3(CCN1CC1CC1)[C@H]2O5,nM,0.68,nM,0.68,Active
C=C(COc1ccc2c3c1O[C@H]1[C@H](OCC(=C)C(=O)OC)CC[C@@]4(O)[C@@H](C2)N(CC2CC2)CC[C@]314)C(=O)OC,nM,3.2,nM,3.2,Active
C=C(COc1ccc2c3c1O[C@H]1C(=O)CC[C@@]4(O)[C@@H](C2)N(CC2CC2)CC[C@]314)C(=O)OC,nM,17.0,nM,17.0,Active
CN1CC[C@]23c4c5ccc(O)c4O[C@H]2[C@@H](O)C=C[C@H]3[C@H]1C5,nM,430.0,nM,430.0,Active
CCC[C@@](C)(O)[C@H]1C[C@@]23C=C[C@]1(OC)[C@@H]1Oc4c(O)ccc5c4[C@@]12CCN(C)[C@@H]3C5,nM,1.3,nM,1.3,Active
C=C(COc1ccc2c3c1O[C@H]1[C@@]4(OC)CC[C@@]5(C[C@@H]4C(C)(C)O)[C@@H](C2)N(CC2CC2)CC[C@]315)C(=O)OC,nM,1.3,nM,1.3,Active
CC(=O)c1ccc2c3c1O[C@H]1[C@@H](O)C=C[C@H]4[C@@H](C2)N(C)CC[C@@]341,nM,7900.0,nM,7900.0,Active
C=C(COc1ccc2c3c1O[C@H]1[C@H](O)CC[C@@]4(O)[C@@H](C2)N(CC2CC2)CC[C@]314)C(=O)OC,nM,34.0,nM,34.0,Active
CN1CC[C@]23c4c5ccc(O)c4O[C@H]2c2ncc(-c4ccccc4)cc2C[C@@]3(O)[C@H]1C5,nM,920.0,nM,920.0,Active
CN1CC[C@]23c4c5ccc(O)c4O[C@H]2c2ncc(-c4ccc(Cl)c(Cl)c4)cc2C[C@H]3[C@H]1C5,nM,74.0,nM,74.0,Active
CN1CC[C@]23c4c5ccc(O)c4O[C@H]2c2ncc(-c4ccc(Br)cc4)cc2C[C@H]3[C@H]1C5,nM,55.0,nM,55.0,Active
Brc1ccc2c(c1)[C@H]1c3cc(Br)ccc3[C@H](C2)N2CCC[C@@H]12,nM,5020.0,nM,5020.0,Active
CN1CC[C@]23CCCC[C@H]2[C@H]1Cc1ccc(O)cc13,nM,5.1,nM,5.1,Active
C[C@@H]1[C@H]2c3cc(NCc4ccccc4)ccc3C[C@@H](c3ccc(NCc4ccccc4)cc32)N1C,nM,120.0,nM,120.0,Active
Brc1ccc(CNc2ccc3c(c2)[C@H]2c4cc(NCc5ccc(Br)cc5)ccc4[C@H](C3)N3CCC[C@@H]23)cc1,nM,5300.0,nM,5300.0,Active
C[C@@H]1[C@H]2c3cc(N4CCOCC4)ccc3C[C@@H](c3ccc(N4CCOCC4)cc32)N1C,nM,7500.0,nM,7500.0,Active
CC[C@H](C)[C@H](NC(=O)[C@H](CCCN=C(N)N)NC(=O)[C@H](CCCN=C(N)N)NC(=O)[C@H](CC(C)C)NC(=O)[C@H](Cc1ccccc1)NC(=O)[C@H](C)NC(=O)CNC(=O)[C@@H](N)Cc1ccc(O)cc1)C(=O)N[C@@H](CCCN=C(N)N)C(=O)N1CCC[C@H]1C(=O)N[C@@H](CCCCN)C(N)=O,nM,730.0,nM,730.0,Active
CC[C@H](C)[C@H](NC(=O)[C@H](CCCN=C(N)N)NC(=O)[C@H](CCCN=C(N)N)NC(=O)[C@H](CC(C)C)NC(=O)[C@H](Cc1ccccc1)NC(=O)[C@@H](C)NC(=O)CNC(=O)[C@@H](N)Cc1ccc(O)cc1)C(=O)N[C@@H](CCCN=C(N)N)C(=O)N1CCC[C@H]1C(=O)N[C@@H](CCCCN)C(N)=O,nM,1000.0,nM,1000.0,Active
C[C@@H]1[C@H]2c3cc(N4CCN(C)CC4)ccc3C[C@@H](c3ccc(N4CCN(C)CC4)cc32)N1CC1CC1,nM,2040.0,nM,2040.0,Active
CC(=O)Oc1ccc2c(c1)[C@H]1c3cc(OC(C)=O)ccc3[C@H](C2)N2CCC[C@@H]12,nM,2900.0,nM,2900.0,Active
COc1ccc2c(c1)[C@H]1c3cc(OC)ccc3[C@H](C2)N2CCC[C@@H]12,nM,4040.0,nM,4040.0,Active
C[C@@H]1[C@H]2c3cc(N4CCN(C)CC4)ccc3C[C@@H](c3ccc(N4CCN(C)CC4)cc32)N1C,nM,2500.0,nM,2500.0,Active
CC[C@H](C)[C@H](NC(=O)[C@H](CCCN=C(N)N)NC(=O)[C@H](CCCN=C(N)N)NC(=O)[C@H](CC(C)C)NC(=O)[C@H](Cc1ccccc1)NC(=O)CNC(=O)CNC(=O)[C@@H](N)Cc1ccc(OC)cc1)C(=O)N[C@@H](CCCN=C(N)N)C(=O)N1CCC[C@H]1C(=O)N[C@@H](CCCCN)C(N)=O,nM,25.5,nM,25.5,Active
CN1[C@@H]2Cc3ccccc3[C@@H](c3ccccc32)[C@@H]1Cc1ccccc1,nM,3442.0,nM,3442.0,Active
C[C@@H]1[C@H]2c3cc(Br)ccc3C[C@@H](c3ccc(Br)cc32)N1C,nM,8840.0,nM,8840.0,Active
C[C@@H]1[C@H]2c3cc(NCc4ccccc4)ccc3C[C@@H](c3ccc(NCc4ccccc4)cc32)N1CC1CC1,nM,49.0,nM,49.0,Active
C[C@@H]1[C@H]2c3cc(O)ccc3C[C@@H](c3ccc(O)cc32)N1C,nM,1300.0,nM,1300.0,Active
C[C@@H]1[C@H]2c3cc(Nc4ccccc4)ccc3C[C@@H](c3ccc(Nc4ccccc4)cc32)N1C,nM,530.0,nM,530.0,Active
CC(=O)Oc1ccc2c(c1)[C@H]1c3cc(OC(C)=O)ccc3[C@H](C2)N(CC2CC2)[C@@H]1C,nM,3300.0,nM,3300.0,Active
C[C@@H]1[C@H]2c3cc(Nc4ccccc4)ccc3C[C@@H](c3ccc(Nc4ccccc4)cc32)N1CC1CC1,nM,890.0,nM,890.0,Active
C[C@@H]1[C@H]2c3cc(O)ccc3C[C@@H](c3ccc(O)cc32)N1CC1CC1,nM,460.0,nM,460.0,Active
COc1ccc2c(c1)[C@H]1c3cc(OC)ccc3[C@H](C2)N(CC2CC2)[C@@H]1C,nM,6630.0,nM,6630.0,Active
Oc1ccc2c(c1)[C@H]1c3cc(O)ccc3[C@H](C2)N2CCC[C@@H]12,nM,3800.0,nM,3800.0,Active
CC[C@H](C)[C@H](NC(=O)[C@H](CCCN=C(N)N)NC(=O)[C@H](CCCN=C(N)N)NC(=O)[C@H](CC(C)C)NC(=O)[C@H](Cc1ccccc1)NC(=O)CNC(=O)CNC(=O)[C@@H](N)Cc1ccc(O)cc1)C(=O)N[C@@H](CCCN=C(N)N)C(=O)N1CCC[C@H]1C(=O)N[C@@H](CCCCN)C(=O)N[C@@H](CC(C)C)C(=O)N[C@@H](CCCCN)C(=O)N[C@@H](Cc1c[nH]c2ccccc12)C(=O)N[C@@H](CC(=O)O)C(=O)N[C@@H](CC(N)=O)C(=O)N[C@@H](CCC(=O)O)C(=O)O,nM,262.0,nM,262.0,Active
CC[C@H](C)[C@H](NC(=O)[C@H](CCCN=C(N)N)NC(=O)[C@H](CCCN=C(N)N)NC(=O)[C@H](CC(C)C)NC(=O)[C@H](Cc1ccccc1)NC(=O)CNC(=O)CNC(=O)[C@@H](N)Cc1ccc(O)cc1)C(=O)N[C@@H](CCCN=C(N)N)C(=O)N1CCC[C@@H]1C(=O)N[C@@H](CCCCN)C(=O)O,nM,929.0,nM,929.0,Active
NCCCC[C@H](NC(=O)[C@H]1CCCN1C(=O)[C@H](CCCN=C(N)N)NC(=O)[C@@H](Cc1c[nH]c2ccccc12)NC(=O)[C@H](CCCN=C(N)N)NC(=O)[C@H](CCCN=C(N)N)NC(=O)[C@@H](Cc1c[nH]c2ccccc12)NC(=O)[C@H](Cc1ccccc1)NC(=O)CNC(=O)CNC(=O)[C@@H](N)Cc1ccc(O)cc1)C(=O)O,nM,4320.0,nM,4320.0,Active
CC[C@H](C)[C@H](NC(=O)[C@H](CCCNC(=N)N)NC(=O)[C@H](CCCNC(=N)N)NC(=O)[C@H](CC(C)C)NC(=O)[C@H](Cc1ccccc1)NC(=O)CNC(=O)CNC(=O)[C@@H](N)Cc1ccc(O)cc1)C(=O)N[C@@H](CCCNC(=N)N)C(=O)N1CCC[C@H]1C(=O)N[C@@H](CCCCN)C(=O)O,nM,284.0,nM,284.0,Active
CC(C)C[C@H](NC(=O)[C@@H](Cc1c[nH]c2ccccc12)NC(=O)CNC(=O)[C@@H](Cc1c[nH]c2ccccc12)NC(=O)[C@@H](N)Cc1ccc(O)cc1)C(=O)N[C@@H](CCCN=C(N)N)C(=O)N[C@@H](CCCN=C(N)N)C(=O)N[C@H](Cc1c[nH]c2ccccc12)C(=O)N[C@@H](CCCN=C(N)N)C(=O)N1CCC[C@@H]1C(=O)N[C@@H](CCCCN)C(=O)O,nM,2720.0,nM,2720.0,Active
CC(C)C[C@H](NC(=O)[C@H](Cc1ccccc1)NC(=O)CNC(=O)CNC(=O)[C@@H](N)Cc1ccc(O)cc1)C(=O)N[C@@H](CCCN=C(N)N)C(=O)N[C@@H](CCCN=C(N)N)C(=O)N[C@H](Cc1c[nH]c2ccccc12)C(=O)N[C@@H](CCCN=C(N)N)C(=O)N1CCC[C@@H]1C(=O)N[C@@H](CCCCN)C(=O)O,nM,717.0,nM,717.0,Active
C[C@@H](NC(=O)[C@@H](N)Cc1ccc(O)cc1)C(=O)NCC(=O)N[C@@H](Cc1ccccc1)C(=O)NN,nM,230.0,nM,230.0,Active
C[C@@H](NC(=O)[C@@H](N)Cc1ccc(O)cc1)C(=O)NCC(=O)N[C@@H](Cc1c[nH]c2ccccc12)C(=O)NNC(=O)[C@H](N)Cc1ccccc1,nM,46.0,nM,46.0,Active
C[C@@H](NC(=O)[C@@H](N)Cc1ccc(O)cc1)C(=O)NCC(=O)N[C@@H](Cc1ccccc1)C(=O)NNC(=O)[C@H](Cc1ccccc1)NC(=O)CNC(=O)[C@@H](C)NC(=O)[C@@H](N)Cc1ccc(O)cc1,nM,2.6,nM,2.6,Active
C[C@@H](NC(=O)[C@@H](N)Cc1ccc(O)cc1)C(=O)NCC(=O)N[C@@H](Cc1ccccc1)C(=O)NNC(=O)[C@H](N)Cc1c[nH]c2ccccc12,nM,29.0,nM,29.0,Active
CCCC[C@@H](N)C(=O)NNC(=O)[C@H](Cc1ccccc1)NC(=O)CNC(=O)[C@@H](C)NC(=O)[C@@H](N)Cc1ccc(O)cc1,nM,71.0,nM,71.0,Active
CCCC[C@H](N)C(=O)NNC(=O)[C@H](Cc1ccccc1)NC(=O)CNC(=O)[C@@H](C)NC(=O)[C@@H](N)Cc1ccc(O)cc1,nM,21.0,nM,21.0,Active
C[C@@H](NC(=O)[C@@H](N)Cc1ccc(O)cc1)C(=O)NCC(=O)N[C@@H](Cc1ccccc1)C(=O)NNC(=O)[C@H](N)Cc1ccc(O)cc1,nM,16.0,nM,16.0,Active
C[C@@H](NC(=O)[C@@H](N)Cc1ccc(O)cc1)C(=O)NCC(=O)N[C@@H](Cc1ccccc1)C(=O)NNC(=O)[C@H](N)Cc1ccccc1,nM,15.0,nM,15.0,Active
C[C@@H](NC(=O)[C@@H](N)Cc1ccc(O)cc1)C(=O)NCC(=O)N[C@@H](Cc1ccccc1)C(=O)NNC(=O)[C@@H](N)Cc1ccccc1,nM,30.0,nM,30.0,Active
Oc1ccc2c3c1O[C@H]1[C@@H](O)CC[C@@]4(O)[C@@H](C2)N(CC2CC2)CC[C@]314,nM,32.0,nM,32.0,Active
Oc1ccc2c3c1O[C@H]1[C@H](OCc4cccc(N=C=S)c4)CC[C@@]4(O)C(C2)N(CC2CC2)CCC314,nM,6.5,nM,6.5,Active
Oc1ccc2c3c1O[C@H]1[C@H](OCc4ccc(CN=C=S)cc4)CC[C@@]4(O)C(C2)N(CC2CC2)CCC314,nM,21.0,nM,21.0,Active
Oc1ccc2c3c1O[C@H]1[C@H](OCc4ccccc4CN=C=S)CC[C@@]4(O)C(C2)N(CC2CC2)CCC314,nM,22.0,nM,22.0,Active
CN(C(=O)Cc1ccc(Cl)c(Cl)c1)[C@H](CN1CCCC1)c1cccc(N)c1,nM,88.5,nM,88.5,Active
Oc1ccc2c3c1O[C@H]1[C@H](OCc4cccc(CN=C=S)c4)CC[C@@]4(O)C(C2)N(CC2CC2)CCC314,nM,12.0,nM,12.0,Active
Oc1ccc2c3c1O[C@H]1[C@H](OCc4ccccc4N=C=S)CC[C@@]4(O)C(C2)N(CC2CC2)CCC314,nM,1.8,nM,1.8,Active
Oc1ccc2c3c1O[C@H]1[C@H](OCc4ccc(N=C=S)cc4)CC[C@@]4(O)C(C2)N(CC2CC2)CCC314,nM,35.0,nM,35.0,Active
CC1CN(CCCc2ccccc2)C2CC(NC(=O)C3(c4ccccc4)CCCC3)CC1(c1cccc(O)c1)C2,nM,2.4,nM,2.4,Active
CC1CN(CCCc2ccccc2)C2C[C@@H](NC(=O)C3(c4ccccc4)CCCC3)CC1(c1cccc(O)c1)C2,nM,1.8,nM,1.8,Active
CC1CN(CCCc2ccccc2)C2C[C@H](NC(=O)C3(c4ccccc4)CCCC3)CC1(c1cccc(O)c1)C2,nM,15.2,nM,15.2,Active
Cc1ccccc1/C=C/CN1CC[C@@](C)(c2cccc(O)c2)[C@@H](C)C1,nM,2.8,nM,2.8,Active
CCN(CC)C(=O)c1ccc(C(c2cccc3c2OC(C)(C)C3)N2CCNCC2)cc1,nM,1.15,nM,1.15,Active
CC(=O)c1ccc(C(c2ccccc2)N2CCNCC2)cc1,nM,1045.0,nM,1045.0,Active
C=CCN1CCN(C(c2ccccc2)c2ccc(C(=O)N(CC)CC)cc2)CC1,nM,15.9,nM,15.9,Active
CCN(CC)C(=O)c1ccc(C(c2cccc(OC)c2)N2CC(C)(C)NCC2C)cc1,nM,8.44,nM,8.44,Active
CCN(CC)C(=O)c1ccc(C(c2ccc(Cl)cc2)N2CCNCC2)cc1,nM,19.3,nM,19.3,Active
O=C(CSSCC(=O)N[C@@]12CCC(=O)[C@@H]3Oc4c(O)ccc5c4[C@@]31CCN(CC1CC1)[C@@H]2C5)N[C@@]12CCC(=O)[C@@H]3Oc4c(O)ccc5c4[C@@]31CCN(CC1CC1)[C@@H]2C5,nM,24.0,nM,24.0,Active
C[C@@]12Oc3c(O)ccc4c3[C@@]13CCN(CC1CC1)[C@H](C4)[C@]3(NC(=O)CSSCC(=O)N[C@@]13CCC(=O)[C@]4(C)Oc5c(O)ccc6c5[C@@]41CCN(CC1CC1)[C@@H]3C6)CCC2=O,nM,5.3,nM,5.3,Active
CC(C)(O)c1ccc(C(c2ccccc2)N2CCNCC2)cc1,nM,406.0,nM,406.0,Active
CCN(CC)C(=O)c1ccc(C(c2ccc3ncccc3c2)N2CCNCC2)cc1,nM,61.6,nM,61.6,Active
CCCCN1CCN(C(c2ccccc2)c2ccc(C(=O)N(CC)CC)cc2)CC1,nM,28.6,nM,28.6,Active
C=CCN1C[C@H](C)N([C@H](c2ccc(C(=O)N(CC)CC)cc2)c2cccc(O)c2)C[C@H]1C,nM,0.23,nM,0.23,Active
CCN(CC)C(=O)c1ccc(C(c2ccccc2)N2CCCCC2)cc1,nM,2230.0,nM,2230.0,Active
COC(=O)c1ccc(C(c2ccccc2)N2CCNCC2)cc1,nM,307.0,nM,307.0,Active
CCN(CC)C(=O)c1ccc(C(c2cccc(OC)c2)N2CCNCC2)cc1,nM,24.8,nM,24.8,Active
CCN(CC)C(=O)c1ccc(C(c2ccccc2)N(C)CCNC)cc1,nM,91.6,nM,91.6,Active
CCN(CC)C(=O)c1ccc(C(c2cccc(F)c2)N2CCNCC2)cc1,nM,4.5,nM,4.5,Active
NC(=O)c1ccc(C(c2ccccc2)N2CCNCC2)cc1,nM,509.0,nM,509.0,Active
CCN(CC)C(=O)c1ccc(C(c2ccc3cccnc3c2)N2CCNCC2)cc1,nM,1.1,nM,1.1,Active
O=C(O)c1ccc(C(c2ccccc2)N2CCNCC2)cc1,nM,410.0,nM,410.0,Active
CN(C)C(=O)c1ccc(C(c2ccccc2)N2CCNCC2)cc1,nM,60.4,nM,60.4,Active
c1ccc(C(c2ccc(-c3nn[nH]n3)cc2)N2CCNCC2)cc1,nM,250.0,nM,250.0,Active
CCC(CC)C(=O)c1ccc(C(c2ccccc2)N2CCNCC2)cc1,nM,100.0,nM,100.0,Active
CN1CC[C@]23c4c5ccc(O)c4O[C@H]2C(=O)CC[C@@]3(NC(=O)CSSCC(=O)N[C@@]23CCC(=O)[C@@H]4Oc6c(O)ccc7c6[C@@]42CCN(C)[C@@H]3C7)[C@H]1C5,nM,11.0,nM,11.0,Active
N#Cc1ccc(C(c2ccccc2)N2CCNCC2)cc1,nM,1294.0,nM,1294.0,Active
CCN(CC)C(=O)c1ccc(C(c2ccc(OC)cc2)N2CCNCC2)cc1,nM,8.13,nM,8.13,Active
CCN(CC)Cc1ccc(C(c2ccccc2)N2CCNCC2)cc1,nM,555.0,nM,555.0,Active
CCN(CC)S(=O)(=O)c1ccc(C(c2ccccc2)N2CCNCC2)cc1,nM,37.89,nM,37.89,Active
CCN(CC)C(=O)c1ccc(C(c2ccccc2)N2CCN(C)CC2)cc1,nM,40.4,nM,40.4,Active
CCN(CC)C(=O)c1ccc(C(c2cccc(OC)c2)N2CC(C)NCC2(C)C)cc1,nM,53.3,nM,53.3,Active
CCN(CC)C(=O)c1ccc(C(c2ccc3ccccc3c2)N2CCNCC2)cc1,nM,7.63,nM,7.63,Active
CCN(CC)C(=O)c1ccc(C(c2ccnc3ccccc23)N2CCNCC2)cc1,nM,132.0,nM,132.0,Active
CN1CC[C@]23c4c5ccc(O)c4O[C@@]2(C)C(=O)CC[C@@]3(NC(=O)CSSCC(=O)N[C@@]23CCC(=O)[C@]4(C)Oc6c(O)ccc7c6[C@@]42CCN(C)C3C7)C1C5,nM,52.0,nM,52.0,Active
CCN(CC)C(=O)c1ccc(C(c2cccc3cccnc23)N2CCNCC2)cc1,nM,0.51,nM,0.51,Active
CCN(CC)C(=O)c1ccc(C(c2ccc(C)cc2)N2CCNCC2)cc1,nM,8.42,nM,8.42,Active
CCN(CC)C(=O)c1ccc(C(c2ccc3cc[nH]c3c2)N2CCNCC2)cc1,nM,6.81,nM,6.81,Active
CCN(CC)C(=O)c1ccc(C(c2ccccc2)N2CCCNCC2)cc1,nM,19.6,nM,19.6,Active
CCNC(=O)c1ccc(C(c2ccccc2)N2CCNCC2)cc1,nM,175.0,nM,175.0,Active
CCN(CC)C(=O)c1ccc(C(c2cccc3ccccc23)N2CCNCC2)cc1,nM,2.36,nM,2.36,Active
CCN(CC)C(=O)c1ccc(C(C2CCCCC2)N2CCNCC2)cc1,nM,98.4,nM,98.4,Active
CN1CCc2cc(-c3ccc(C(c4ccccc4)N4CCNCC4)cc3)ccc2C1=O,nM,1653.0,nM,1653.0,Active
CCN(CC)C(=O)c1ccc(C(c2cccc3cnccc23)N2CCNCC2)cc1,nM,4.11,nM,4.11,Active
CCN(CC)C(=O)c1ccc(C(c2ccccc2)N2CCN(CC3CC3)CC2)cc1,nM,35.3,nM,35.3,Active
C[S+]([O-])CC[C@H](NC(=O)[C@H](Cc1ccc(O)cc1)N=C(N)N)C(=O)N[C@@H](Cc1ccccc1)C(=O)NCC(N)=O,nM,300.0,nM,300.0,Active
CC[C@H](C)[C@H](NC(=O)[C@H](CCCNC(=N)N)NC(=O)[C@H](CCCNC(=N)N)NC(=O)[C@H](CC(C)C)NC(=O)[C@H](Cc1ccccc1)NC(=O)CNC(=O)CNC(=O)[C@@H](N)Cc1ccc(O)cc1)C(=O)N[C@@H](CCCNC(=N)N)C(=O)N1CCC[C@H]1C(=O)N[C@@H](CCCCN)C(=O)N[C@@H](CC(C)C)C(=O)N[C@@H](CCCCN)C(=O)N[C@@H](Cc1c[nH]c2ccccc12)C(=O)N[C@@H](CC(=O)O)C(=O)N[C@@H](CC(N)=O)C(=O)N[C@@H](CCC(N)=O)C(=O)O,nM,2.54,nM,2.54,Active
CC(C)C[C@@H]1NC(=O)[C@H](CCCCN)NC(=O)[C@@H]2CCCN2C(=O)[C@H](CCCN=C(N)N)NC(=O)[C@H](NC(=O)[C@H](CCCN=C(N)N)NC(=O)[C@H](CCCN=C(N)N)NC(=O)[C@H](CC(C)C)NC(=O)[C@H](Cc2ccccc2)NC(=O)CNC(=O)CNC(=O)[C@@H](N)Cc2ccc(O)cc2)CSSC[C@@H](C(N)=O)NC1=O,nM,104.0,nM,104.0,Active
CNC(=N)N[C@@H](Cc1ccc(O)cc1)C(=O)N[C@@H](CC[S+](C)[O-])C(=O)N[C@@H](Cc1ccccc1)C(=O)NC(C)C(=O)OC,nM,2700.0,nM,2700.0,Active
C[S+]([O-])CC[C@H](NC(=O)[C@@H](N)Cc1ccc(O)cc1)C(=O)N[C@@H](Cc1ccccc1)C(=O)NCC(=O)O,nM,1980.0,nM,1980.0,Active
COC(=O)CNC(=O)[C@H](Cc1ccccc1)NC(=O)[C@H](CC[S+](C)[O-])NC(=O)[C@@H](N)Cc1ccc(O)cc1,nM,850.0,nM,850.0,Active
C[S+]([O-])CC[C@H](NC(=O)[C@@H](N)Cc1ccc(O)cc1)C(=O)N[C@@H](Cc1ccccc1)C(=O)NCC(N)=O,nM,312.0,nM,312.0,Active
COC(=O)CN(C)C(=O)[C@H](Cc1ccccc1)NC(=O)[C@H](CC[S+](C)[O-])NC(=O)[C@H](Cc1ccc(O)cc1)N=C(N)N,nM,150.0,nM,150.0,Active
C[C@H](NC(=O)[C@@H](N)Cc1ccc(O)cc1)C(=O)N[C@@H](Cc1ccccc1)C(=O)NCC(N)=O,nM,818.0,nM,818.0,Active
COC(=O)C(C)NC(=O)[C@H](Cc1ccccc1)NC(=O)[C@H](CC[S+](C)[O-])NC(=O)[C@@H](N)Cc1ccc(O)cc1,nM,1400.0,nM,1400.0,Active
CC[C@H](C)[C@H](NC(=O)[C@H](CCCN=C(N)N)NC(=O)[C@H](CCCN=C(N)N)NC(=O)[C@H](CC(C)C)NC(=O)[C@H](Cc1ccccc1)NC(=O)CNC(=O)CNC(=O)[C@@H](N)Cc1ccc(O)cc1)C(=O)N[C@@H](CCCN=C(N)N)C(=O)N1CCC[C@H]1C(=O)N[C@@H](CCCCN)C(=O)N[C@@H](CC(C)C)C(=O)N[C@@H](CCCCN)C(N)=O,nM,4.07,nM,4.07,Active
COC(=O)CNC(=O)[C@H](Cc1ccccc1)NC(=O)[C@H](CC[S+](C)[O-])NC(=O)[C@H](Cc1ccc(O)cc1)N=C(N)N,nM,285.0,nM,285.0,Active
COC(=O)CN(C)C(=O)[C@H](Cc1ccccc1)NC(=O)[C@H](CC[S+](C)[O-])NC(=O)[C@@H](N)Cc1ccc(O)cc1,nM,510.0,nM,510.0,Active
CC[C@H](C)[C@@H]1NC(=O)[C@H](CCCN=C(N)N)NC(=O)[C@H](CCCN=C(N)N)NC(=O)[C@@H](NC(=O)[C@H](Cc2ccccc2)NC(=O)CNC(=O)CNC(=O)[C@@H](N)Cc2ccc(O)cc2)CSSC[C@@H](C(N)=O)NC(=O)[C@@H]2CCCN2C(=O)[C@H](CCCN=C(N)N)NC1=O,nM,1.63,nM,1.63,Active
CC(C)C[C@H](NC(=O)[C@H](Cc1ccccc1)NC(=O)CNC(=O)CNC(=O)[C@@H](N)Cc1ccc(O)cc1)C(=O)N[C@@H](CCCN=C(N)N)C(=O)N[C@@H](CCCN=C(N)N)C(=O)N[C@@H]1CSSC[C@H](C(N)=O)NC(=O)[C@H](CC(C)C)NC(=O)[C@H](CCCCN)NC(=O)[C@@H]2CCCN2C(=O)[C@H](CCCN=C(N)N)NC1=O,nM,14.3,nM,14.3,Active
CN(CC(=O)O)C(=O)[C@H](Cc1ccccc1)NC(=O)[C@H](CC[S+](C)[O-])NC(=O)[C@@H](N)Cc1ccc(O)cc1,nM,2120.0,nM,2120.0,Active
CN(CC(N)=O)C(=O)[C@H](Cc1ccccc1)NC(=O)[C@H](CC[S+](C)[O-])NC(=O)[C@@H](N)Cc1ccc(O)cc1,nM,440.0,nM,440.0,Active
COc1ccc(F)cc1-c1cccn(C(CN2CCC(O)C2)c2ccccc2)c1=O,nM,460.0,nM,460.0,Active
CC(NC(=O)[C@H](Cc1ccccc1)NC(=O)[C@H](CC[S+](C)[O-])NC(=O)[C@@H](N)Cc1ccc(O)cc1)C(=O)O,nM,2400.0,nM,2400.0,Active
CC(NC(=O)[C@H](Cc1ccccc1)NC(=O)[C@H](CC[S+](C)[O-])NC(=O)[C@@H](N)Cc1ccc(O)cc1)C(N)=O,nM,900.0,nM,900.0,Active
O=C(O)COc1cccc(C(CN2CCCC2)n2cccc(-c3ccc(C(F)(F)F)cc3)c2=O)c1,nM,5600.0,nM,5600.0,Active
CC(C)C[C@@H]1NC(=O)[C@H](CCCCN)NC(=O)[C@@H]2CCCN2C(=O)[C@H](CCCN=C(N)N)NC(=O)[C@@H](NC(=O)[C@H](CCCN=C(N)N)NC(=O)[C@H](CCCN=C(N)N)NC(=O)[C@H](CC(C)C)NC(=O)[C@H](Cc2ccccc2)NC(=O)CNC(=O)CNC(=O)[C@@H](N)Cc2ccc(O)cc2)CSSC[C@@H](C(N)=O)NC1=O,nM,3.97,nM,3.97,Active
C[C@H]1NC(=O)[C@H](CCCN=C(N)N)NC(=O)[C@H](CCCN=C(N)N)NC(=O)[C@@H](NC(=O)[C@H](Cc2ccccc2)NC(=O)CNC(=O)CNC(=O)[C@@H](N)Cc2ccc(O)cc2)CSSC[C@@H](C(N)=O)NC(=O)[C@@H]2CCCN2C(=O)[C@H](CCCN=C(N)N)NC1=O,nM,18.6,nM,18.6,Active
C[C@@H](NC(=O)[C@@H](N)Cc1ccc(O)cc1)C(=O)N[C@@H](Cc1ccccc1)C(=O)NCC(=O)N[C@@H](Cc1ccc(O)cc1)C(=O)N1CCC[C@H]1C(=O)N[C@@H](CO)C(N)=O,nM,210.0,nM,210.0,Active
O=C(CCc1ccc(F)cc1)N1CCN(CCCC(c2ccc(F)cc2)c2ccc(F)cc2)CC1,nM,9380.0,nM,9380.0,Active
N#Cc1ccc(CCOC(=O)NC2CCN(CCCC(c3ccc(F)cc3)c3ccc(F)cc3)CC2)cc1,nM,5770.0,nM,5770.0,Active
O=c1[nH]c2ccccc2n(C2CCN(Cc3cc4c(cc3Cl)OCO4)CC2)c1=O,nM,620.0,nM,620.0,Active
CN1CC[C@]23c4c5ccc(O)c4O[C@H]2C(=O)CC[C@@]3(NC(=O)CS)[C@H]1C5,nM,12.1,nM,12.1,Active
CCOc1ccc(CCNC(=O)N2CCN(CCCC(c3ccc(F)cc3)c3ccc(F)cc3)CC2)cc1,nM,8570.0,nM,8570.0,Active
NC(=O)[C@@H]1CSSC[C@@H](NC(=O)[C@@H](N)Cc2ccc(O)cc2)C(=O)N[C@@H](Cc2ccccc2)C(=O)N1,nM,740.0,nM,740.0,Active
O=C(CCCc1ccccc1)N1CCN(CCCC(c2ccc(F)cc2)c2ccc(F)cc2)CC1,nM,3710.0,nM,3710.0,Active
CC(C)C[C@@H](NC(=O)[C@@H](Cc1ccccc1)NC(=O)CNC(=O)CNC(=O)[C@H](N)Cc1ccc(O)cc1)C(=O)O,nM,11.4,nM,11.4,Active
Cc1ccc(CN2CCC(n3c(O)nc4ccccc43)CC2)c(Cl)c1,nM,1410.0,nM,1410.0,Active
O=c1[nH]c2ccccc2n1C1CCN(CCCC(c2ccc(F)cc2)c2ccc(F)cc2)CC1,nM,3760.0,nM,3760.0,Active
Cl.Cl.Fc1ccc(C(c2ccc(F)cc2)N2CCN(C/C=C/c3ccccc3)CC2)cc1,nM,3630.0,nM,3630.0,Active
COc1ccc(-c2ccc3c(c2)CN(C(=O)[C@@H](N)Cc2c(C)cc(O)cc2C)[C@H](C(=O)O)C3)cc1,nM,5.8,nM,5.8,Active
COc1ccc2c(c1)CN(C(=O)[C@@H](N)Cc1c(C)cc(O)cc1C)[C@H](C(=O)O)C2,nM,12.1,nM,12.1,Active
Cc1cc(O)cc(C)c1C[C@H](N)C(=O)N1Cc2ccccc2C[C@H]1C/N=C(/S)NC(C)(C)C,nM,0.22,nM,0.22,Active
Cc1cc(O)cc(C)c1CC(N)C(=O)N1Cc2cc(O)ccc2C[C@H]1C(=O)O,nM,236.0,nM,236.0,Active
Cc1cc(O)cc(C)c1C[C@H](N)C(=O)N1Cc2cc(-c3ccccc3)ccc2C[C@H]1C(=O)O,nM,13.2,nM,13.2,Active
Cc1cc(O)cc(C)c1C[C@H](N)C(=O)N1Cc2ccccc2C[C@H]1CNCC(C)(C)C,nM,0.99,nM,0.99,Active
COc1ccc2c(c1)CN(C(=O)C(N)Cc1c(C)cc(O)cc1C)[C@H](C(=O)O)C2,nM,10.9,nM,10.9,Active
Cc1cc(O)cc(C)c1C[C@H](N)C(=O)N1Cc2ccccc2C[C@H]1CN(C)C,nM,0.97,nM,0.97,Active
Cc1cc(O)cc(C)c1C[C@H](N)C(=O)N1Cc2cc(-c3ccc(F)cc3)ccc2C[C@H]1C(=O)O,nM,3.8,nM,3.8,Active
Cc1cc(O)cc(C)c1C[C@H](N)C(=O)N1Cc2ccccc2C[C@H]1C/N=C(/S)Nc1ccccc1,nM,0.27,nM,0.27,Active
Cc1cc(O)cc(C)c1CC(N)C(=O)N1Cc2cc(-c3ccsc3)ccc2C[C@H]1C(=O)O,nM,13.5,nM,13.5,Active
Cc1cc(O)cc(C)c1C[C@H](N)C(=O)N1Cc2ccccc2C[C@H]1CO,nM,2.0,nM,2.0,Active
C=CCOC[C@@H]1Cc2ccccc2CN1C(=O)[C@@H](N)Cc1c(C)cc(O)cc1C,nM,0.98,nM,0.98,Active
Cc1cc(O)cc(C)c1C[C@H](N)C(=O)N1Cc2ccccc2C[C@H]1CN=[N+]=[N-],nM,1.1,nM,1.1,Active
Cc1cc(O)cc(C)c1C[C@H](N)C(=O)N1Cc2ccccc2C[C@H]1CN=C(N)N,nM,3.2,nM,3.2,Active
Cc1cc(O)cc(C)c1C[C@H](N)C(=O)N1Cc2ccccc2C[C@H]1CNC(=O)c1ccccc1,nM,0.24,nM,0.24,Active
Cc1cc(O)cc(C)c1C[C@H](N)C(=O)N1Cc2ccccc2C[C@H]1C(=O)O,nM,1.6,nM,1.6,Active
COc1ccc(-c2ccc3c(c2)CN(C(=O)C(N)Cc2c(C)cc(O)cc2C)[C@H](C(=O)O)C3)cc1,nM,4.9,nM,4.9,Active
Cc1cc(O)cc(C)c1C[C@H](N)C(=O)N1Cc2ccccc2C[C@H]1CNC(=O)C(C)(C)C,nM,0.79,nM,0.79,Active
CCNC(=O)NC[C@@H]1Cc2ccccc2CN1C(=O)[C@@H](N)Cc1c(C)cc(O)cc1C,nM,0.99,nM,0.99,Active
COc1cc2c(cc1-c1ccccc1)C[C@@H](C(=O)O)N(C(=O)C(N)Cc1c(C)cc(O)cc1C)C2,nM,2540.0,nM,2540.0,Active
CC(=O)NC[C@@H]1Cc2ccccc2CN1C(=O)[C@@H](N)Cc1c(C)cc(O)cc1C,nM,0.79,nM,0.79,Active
COc1cc2c(cc1-c1ccc(F)cc1)C[C@@H](C(=O)O)N(C(=O)C(N)Cc1c(C)cc(O)cc1C)C2,nM,1160.0,nM,1160.0,Active
Cc1cc(O)cc(C)c1C(NC(=O)C1Cc2ccccc2CN1)C(=O)O,nM,1.6,nM,1.6,Active
Cc1cc(O)cc(C)c1C[C@H](N)C(=O)N1Cc2ccccc2C[C@H]1CNC(=O)Nc1ccccc1,nM,0.13,nM,0.13,Active
COc1c(Br)cc2c(c1Br)CN(C(=O)[C@@H](N)Cc1c(C)cc(O)cc1C)[C@H](C(=O)O)C2,nM,2.5,nM,2.5,Active
CC(=O)OC[C@@H]1Cc2ccccc2CN1C(=O)[C@@H](N)Cc1c(C)cc(O)cc1C,nM,1.1,nM,1.1,Active
CC(=N)NC[C@@H]1Cc2ccccc2CN1C(=O)[C@@H](N)Cc1c(C)cc(O)cc1C,nM,9.9,nM,9.9,Active
Cc1cc(O)cc(C)c1C[C@H](N)C(=O)N1Cc2c(cc(Br)c(O)c2Br)C[C@H]1C(=O)O,nM,1080.0,nM,1080.0,Active
Cc1cc(O)cc(C)c1C[C@H](N)C(=O)N1Cc2ccccc2C[C@H]1CN,nM,4.9,nM,4.9,Active
Cc1cc(O)cc(C)c1CC(N)C(=O)N1Cc2cc(-c3cc4ccccc4o3)ccc2C[C@H]1C(=O)O,nM,52.7,nM,52.7,Active
COc1c(Br)cc2c(c1Br)CN(C(=O)[C@H](N)Cc1c(C)cc(O)cc1C)[C@H](C(=O)O)C2,nM,571.0,nM,571.0,Active
Cc1cc(O)cc(C)c1C[C@H](N)C(=O)N1Cc2ccccc2C[C@H]1C,nM,1.7,nM,1.7,Active
Cc1cc(O)cc(C)c1C[C@@H](N)C(=O)N1Cc2cc(-c3ccccc3)ccc2C[C@H]1C(=O)O,nM,122.0,nM,122.0,Active
Cc1cc(O)cc(C)c1C[C@@H](N)C(=O)N1Cc2cc(-c3ccc(F)cc3)ccc2C[C@H]1C(=O)O,nM,81.7,nM,81.7,Active
Cc1cc(O)cc(C)c1C[C@H](N)C(=O)N1Cc2ccccc2C[C@H]1COCc1ccccc1,nM,0.33,nM,0.33,Active
Cc1cc(O)cc(C)c1C[C@H](N)C(=O)N1Cc2ccccc2C[C@H]1CNCc1ccccc1,nM,0.41,nM,0.41,Active
COC[C@@H]1Cc2ccccc2CN1C(=O)[C@@H](N)Cc1c(C)cc(O)cc1C,nM,1.3,nM,1.3,Active
Cc1cc(O)cc(C)c1C[C@H](N)C(=O)N1Cc2ccccc2C[C@H]1CNC(=O)NC(C)(C)C,nM,0.17,nM,0.17,Active
COc1ccc(-c2cc3c(cc2OC)CN(C(=O)C(N)Cc2c(C)cc(O)cc2C)[C@H](C(=O)O)C3)cc1,nM,1520.0,nM,1520.0,Active
Cc1cc(O)cc(C)c1C[C@H](N)C(=O)N1Cc2ccccc2C[C@H]1CNC(=O)NC12CC3CC(CC(C3)C1)C2,nM,0.29,nM,0.29,Active
CC[C@H](C)[C@H]1NC(=O)[C@H](CCCN=C(N)N)NC(=O)[C@@H](CCCN=C(N)N)NC(=O)[C@H](NC(=O)[C@H](Cc2ccccc2)NC(=O)CNC(=O)[C@@H](C)NC(=O)[C@@H](N)Cc2ccc(O)cc2)CSSC[C@H](C(=O)O)NC(=O)[C@H]2CCCN2C(=O)[C@H](CCCN=C(N)N)NC1=O,nM,107.0,nM,107.0,Active
CC[C@H](C)[C@H]1NC(=O)[C@H](CCCN=C(N)N)NC(=O)[C@@H](CCCN=C(N)N)NC(=O)[C@H](NC(=O)[C@H](Cc2ccccc2)NC(=O)CNC(=O)CNC(=O)[C@@H](N)Cc2ccc(O)cc2)CSSC[C@H](C(=O)N[C@H](CCCN=C(N)N)C(=O)N[C@H](CCCCN)C(=O)O)NC1=O,nM,18.2,nM,18.2,Active
CC[C@H](C)[C@H](NC(=O)[C@H](CCCNC(=N)N)NC(=O)[C@H](CCCNC(=N)N)NC(=O)[C@H](CC(C)C)NC(=O)[C@H](Cc1ccccc1)NC(=O)CNC(=O)CNC(=O)[C@@H](N)Cc1ccc(O)cc1)C(=O)N[C@@H](CCCNC(=N)N)C(=O)N1CCC[C@H]1C(=O)N[C@@H](CCCCN)C(=O)N[C@@H](CC(C)C)C(=O)N[C@@H](CCCCN)C(=O)O,nM,4.07,nM,4.07,Active
CC[C@H](C)[C@H]1NC(=O)[C@H](CCCN=C(N)N)NC(=O)[C@@H](NC(=O)[C@H](CC(C)C)NC(=O)[C@H](Cc2ccccc2)NC(=O)CNC(=O)CNC(=O)[C@@H](N)Cc2ccc(O)cc2)CSSC[C@@H](C(=O)N[C@@H](CCCCN)C(=O)O)NC(=O)[C@H](CCCN=C(N)N)NC1=O,nM,0.475,nM,0.475,Active
CC[C@H](C)[C@H]1NC(=O)[C@H](CCCN=C(N)N)NC(=O)[C@@H](CCCN=C(N)N)NC(=O)[C@H](NC(=O)[C@H](Cc2ccccc2)NC(=O)CNC(=O)CNC(=O)[C@@H](N)Cc2ccc(O)cc2)CSSC[C@H](C(=O)N2CCC[C@@H]2C(=O)N[C@H](CCCCN)C(=O)O)NC1=O,nM,31.2,nM,31.2,Active
CC[C@H](C)[C@@H](CN[C@@H](CCCN=C(N)N)C(=O)N1CCC[C@H]1C(=O)N[C@@H](CCCCN)C(N)=O)NC(=O)[C@H](CCCN=C(N)N)NC(=O)[C@H](CCCN=C(N)N)NC(=O)[C@H](CC(C)C)NC(=O)[C@H](Cc1ccccc1)NC(=O)CNC(=O)CNC(=O)[C@@H](N)Cc1ccc(O)cc1,nM,13.0,nM,13.0,Active
CC[C@H](C)[C@H](NC[C@H](CCCCN)NC(=O)[C@H](CCCN=C(N)N)NC(=O)[C@H](CC(C)C)NC(=O)[C@H](Cc1ccccc1)NC(=O)CNC(=O)CNC(=O)[C@@H](N)Cc1ccc(O)cc1)C(=O)N[C@@H](CCCN=C(N)N)C(=O)N1CCC[C@H]1C(=O)N[C@@H](CCCCN)C(N)=O,nM,17.0,nM,17.0,Active
CC(C)C[C@H](NC(=O)[C@H](Cc1ccccc1)NC(=O)CNC(=O)CNC(=O)[C@@H](N)Cc1ccc(O)cc1)C(=O)N[C@@H](CCCN=C(N)N)C(=O)N[C@@H](CCCN=C(N)N)C(=O)N[C@H]1CSSC[C@H](C(=O)O)NC(=O)[C@@H](CC(C)C)NC(=O)[C@H](CCCCN)NC(=O)[C@H]2CCCN2C(=O)[C@H](CCCN=C(N)N)NC1=O,nM,1.93,nM,1.93,Active
CC[C@H](C)[C@H]1NC(=O)[C@H](CCCN=C(N)N)NC(=O)[C@@H](CCCN=C(N)N)NC(=O)[C@H](NC(=O)[C@H](Cc2ccccc2)NC(=O)CNC(=O)CNC(=O)[C@@H](N)Cc2ccc(O)cc2)CSSC[C@H](C(=O)O)NC(=O)[C@@H](CC(C)C)NC(=O)[C@H](CCCCN)NC(=O)[C@@H]2CCCN2C(=O)[C@H](CCCN=C(N)N)NC1=O,nM,9.6,nM,9.6,Active
CC[C@H](C)[C@H](NC(=O)[C@H](CCCN=C(N)N)NC(=O)[C@H](CCCN=C(N)N)NC(=O)[C@H](CC(C)C)NC[C@H](Cc1ccccc1)NC(=O)CNC(=O)CNC(=O)[C@@H](N)Cc1ccc(O)cc1)C(=O)N[C@@H](CCCN=C(N)N)C(=O)N1CCC[C@H]1C(=O)N[C@@H](CCCCN)C(N)=O,nM,24.0,nM,24.0,Active
CC[C@H](C)[C@H](NC(=O)[C@H](CCCN=C(N)N)NC(=O)[C@H](CCCN=C(N)N)NC(=O)[C@H](CC(C)C)NC(=O)[C@H](Cc1ccccc1)NC(=O)CNC(=O)CNC[C@@H](N)Cc1ccc(O)cc1)C(=O)N[C@@H](CCCN=C(N)N)C(=O)N1CCC[C@H]1C(=O)N[C@@H](CCCCN)C(N)=O,nM,198.0,nM,198.0,Active
CC[C@H](C)[C@H](NC(=O)[C@H](CCCN=C(N)N)NC(=O)[C@H](CCCN=C(N)N)NC[C@H](CCCCN)NC(=O)[C@H](Cc1ccccc1)NC(=O)CNC(=O)CNC(=O)[C@@H](N)Cc1ccc(O)cc1)C(=O)N[C@@H](CCCN=C(N)N)C(=O)N1CCC[C@H]1C(=O)N[C@@H](CCCCN)C(N)=O,nM,53.0,nM,53.0,Active
CC[C@H](C)[C@H]1NC(=O)[C@H](CCCN=C(N)N)NC(=O)[C@@H](CCCN=C(N)N)NC(=O)[C@H](NC(=O)[C@@H]2Cc3ccccc3CN2C(=O)CNC(=O)CNC(=O)[C@@H](N)Cc2ccc(O)cc2)CSSC[C@H](C(=O)O)NC(=O)[C@H]2CCCN2C(=O)[C@H](CCCN=C(N)N)NC1=O,nM,181.0,nM,181.0,Active
CC[C@H](C)[C@H]1NC(=O)[C@H](CCCN=C(N)N)NC(=O)[C@@H](CCCN=C(N)N)NC(=O)[C@H](NC(=O)[C@H](Cc2ccccc2)NC(=O)CNC(=O)CNC(=O)[C@@H](N)Cc2ccccc2)CSSC[C@H](C(=O)O)NC(=O)[C@H]2CCCN2C(=O)[C@H](CCCN=C(N)N)NC1=O,nM,389.0,nM,389.0,Active
CC[C@H](C)[C@H](NC(=O)[C@H](CCCN=C(N)N)NC(=O)[C@H](CCCN=C(N)N)NC[C@H](CC(C)C)NC(=O)[C@H](Cc1ccccc1)NC(=O)CNC(=O)CNC(=O)[C@@H](N)Cc1ccc(O)cc1)C(=O)N[C@@H](CCCN=C(N)N)C(=O)N1CCC[C@H]1C(=O)N[C@@H](CCCCN)C(N)=O,nM,32.0,nM,32.0,Active
CC(C)C[C@H](NC(=O)[C@H](Cc1ccccc1)NC(=O)CNC(=O)CNC(=O)[C@@H](N)Cc1ccc(O)cc1)C(=O)N[C@@H](CCCN=C(N)N)C(=O)N[C@@H](CCCN=C(N)N)C(=O)N[C@@H]1CSSC[C@@H](C(=O)N[C@@H](CCCCN)C(=O)O)NC(=O)[C@@H](CCCCN)NC(=O)[C@@H]2CCCN2C(=O)[C@@H](CCCN=C(N)N)NC1=O,nM,6.54,nM,6.54,Active
CC[C@H](C)[C@H]1NC(=O)[C@H](CCCN=C(N)N)NC(=O)[C@@H](CCCN=C(N)N)NC(=O)[C@H](NC(=O)[C@H](Cc2ccccc2)NC(=O)CNC(=O)CNC(=O)[C@@H](N)Cc2ccc(O)cc2)C(C)(C)SSC[C@H](C(=O)O)NC(=O)[C@H]2CCCN2C(=O)[C@H](CCCN=C(N)N)NC1=O,nM,86.3,nM,86.3,Active
CC[C@H](C)[C@H](NC(=O)[C@H](CCCN=C(N)N)NC(=O)[C@H](CCCN=C(N)N)NC(=O)[C@H](CC(C)C)NC(=O)[C@H](Cc1ccccc1)NC(=O)CNC(=O)CNC(=O)[C@@H](N)Cc1ccc(O)cc1)C(=O)N[C@@H](CCCCN)CN1CCC[C@H]1C(=O)N[C@@H](CCCCN)C(N)=O,nM,18.0,nM,18.0,Active
CC[C@H](C)[C@@H]1NC(=O)[C@@H](CCCN=C(N)N)NC(=O)[C@H](CCCN=C(N)N)NC(=O)[C@H](NC(=O)[C@H](Cc2ccccc2)NC(=O)CNC(=O)CNC(=O)[C@@H](N)Cc2ccc(O)cc2)CSSC[C@H](C(=O)N[C@@H](CCCCN)C(=O)O)NC(=O)[C@@H](CCCN=C(N)N)NC1=O,nM,82.5,nM,82.5,Active
CC[C@H](C)[C@H](NC(=O)[C@H](CCCN=C(N)N)NC(=O)[C@H](CCCN=C(N)N)NC(=O)[C@H](CC(C)C)NC(=O)[C@H](Cc1ccccc1)NCCNC(=O)CNC(=O)[C@@H](N)Cc1ccc(O)cc1)C(=O)N[C@@H](CCCN=C(N)N)C(=O)N1CCC[C@H]1C(=O)N[C@@H](CCCCN)C(N)=O,nM,7997.0,nM,7997.0,Active
C=CCN1C[C@H](C)N([C@H](c2ccc(C(=O)N(C(C)C)C(C)C)cc2)c2cccc(OC)c2)C[C@H]1C,nM,5.0,nM,5.0,Active
CC1(C)SSC(C)(C)[C@@H](NC(=O)[C@]2(N)CCC3C=C(O)C=CC3C2)C(=O)NCC(=O)N[C@@H](Cc2ccccc2)C(=O)N[C@H]1C(=O)O,nM,3500.0,nM,3500.0,Active
C[C@@H](c1ccc(O)cc1)[C@@H](N)C(=O)N[C@H]1C(=O)NCC(=O)N[C@@H](Cc2ccccc2)C(=O)N[C@@H](C(=O)O)C(C)(C)SSC1(C)C,nM,49100.0,nM,49100.0,Inactive
C=CCN1C[C@H](C)N([C@H](c2ccc(C(=O)N3CCCCCC3)cc2)c2cccc(OC)c2)C[C@H]1C,nM,13.0,nM,13.0,Active
Cc1cc(O)ccc1C[C@H](N)C(=O)N[C@H]1C(=O)NCC(=O)N[C@@H](Cc2ccccc2)C(=O)N[C@@H](C(=O)O)C(C)(C)SSC1(C)C,nM,431.0,nM,431.0,Active
C=CCN1C[C@H](C)N([C@H](c2ccc(C(=O)N(CC)CCCC)cc2)c2cccc(OC)c2)C[C@H]1C,nM,10.2,nM,10.2,Active
COc1cc(C[C@H](N)C(=O)N[C@H]2C(=O)NCC(=O)N[C@@H](Cc3ccccc3)C(=O)N[C@@H](C(=O)O)C(C)(C)SSC2(C)C)ccc1O,nM,600000.0,nM,600000.0,Inactive
CN(C(=O)c1ccc(Br)cc1Cl)[C@H]1CCCC[C@@]12CCCN2C.Cl,nM,9000.0,nM,9000.0,Active
CN1CCC[C@@]12CCCC[C@@H]2N(CC1CC1)C(=O)c1ccc(Br)cc1,nM,6300.0,nM,6300.0,Active
C=CCN1C[C@H](C)N([C@H](c2ccc(C(=O)N(C)CC)cc2)c2cccc(OC)c2)C[C@H]1C,nM,8.0,nM,8.0,Active
CC1(C)SSC(C)(C)[C@@H](NC(=O)[C@@H](N)Cc2ccc(O)c([N+](=O)[O-])c2)C(=O)NCC(=O)N[C@@H](Cc2ccccc2)C(=O)N[C@H]1C(=O)O,nM,90000.0,nM,90000.0,Inactive
C=CCN1C[C@H](C)N([C@H](c2ccc(C(=O)N3CCCC3)cc2)c2cccc(OC)c2)C[C@H]1C,nM,26.6,nM,26.6,Active
C=CCN1C[C@H](C)N([C@H](c2ccc(C(=O)N(C)C)cc2)c2cccc(OC)c2)C[C@H]1C,nM,18.0,nM,18.0,Active
C=CCN1C[C@H](C)N([C@H](c2ccc(C(=O)N3CCCCC3)cc2)c2cccc(OC)c2)C[C@H]1C,nM,38.0,nM,38.0,Active
C=CCN1C[C@H](C)N([C@H](c2ccc(C(=O)N(CCC)CCC)cc2)c2cccc(OC)c2)C[C@H]1C,nM,7.5,nM,7.5,Active
Cc1cc(O)ccc1C[C@@H](N)C(=O)N[C@H]1C(=O)NCC(=O)N[C@@H](Cc2ccccc2)C(=O)N[C@@H](C(=O)O)C(C)(C)SSC1(C)C,nM,6610.0,nM,6610.0,Active
C[C@@H](c1ccc(O)cc1)[C@H](N)C(=O)N[C@H]1C(=O)NCC(=O)N[C@@H](Cc2ccccc2)C(=O)N[C@@H](C(=O)O)C(C)(C)SSC1(C)C,nM,7180.0,nM,7180.0,Active
C[C@H](c1ccc(O)cc1)[C@H](N)C(=O)N[C@H]1C(=O)NCC(=O)N[C@@H](Cc2ccccc2)C(=O)N[C@@H](C(=O)O)C(C)(C)SSC1(C)C,nM,3400.0,nM,3400.0,Active
CN(C(=O)c1ccc(Br)c(Br)c1)[C@H]1CCCC[C@@]12CCCN2C,nM,2300.0,nM,2300.0,Active
CC1(C)SSC(C)(C)[C@@H](NC(=O)[C@@H](N)Cc2ccc(O)c(I)c2)C(=O)NCC(=O)N[C@@H](Cc2ccccc2)C(=O)N[C@H]1C(=O)O,nM,24600.0,nM,24600.0,Inactive
CN1CCC[C@@]12CCCC[C@@H]2NC(=O)Cc1ccc(Cl)c(Cl)c1,nM,5800.0,nM,5800.0,Active
COc1ccc2c3c1O[C@H]1C(=O)CC[C@@]4(NC(=O)/C=C/c5ccc([N+](=O)[O-])cc5)[C@@H](C2)N(CC2CC2)CC[C@]314,nM,248.0,nM,248.0,Active
C[C@@]12Oc3c(O)ccc4c3C13CCN(CC1CC1)C(C4)[C@]3(NC(=O)/C=C/c1ccc([N+](=O)[O-])cc1)CCC2=O,nM,10.7,nM,10.7,Active
COc1ccc2c3c1O[C@H]1C(=O)CC[C@@]4(NC(=O)/C=C/c5ccc([N+](=O)[O-])cc5)C(C2)N(C)CCC314,nM,19.7,nM,19.7,Active
CN1CCC23c4c5ccc(O)c4O[C@@]2(C)C(=O)CC[C@@]3(NC(=O)/C=C/c2ccc([N+](=O)[O-])cc2)C1C5,nM,50.9,nM,50.9,Active
COc1ccc2c3c1O[C@H]1C(=O)C=C[C@@]4(NC(=O)/C=C/c5ccc([N+](=O)[O-])cc5)C(C2)N(CC2CC2)CCC314,nM,54.0,nM,54.0,Active
COc1ccc2c3c1O[C@H]1C(=O)C=C[C@@]4(NC(=O)/C=C/c5ccc([N+](=O)[O-])cc5)C(C2)N(C)CCC314,nM,45.5,nM,45.5,Active
C[C@@]12Oc3c(O)ccc4c3C13CCN(CC1CC1)C(C4)[C@]3(NC(=O)/C=C/c1ccc([N+](=O)[O-])cc1)C=CC2=O,nM,24.7,nM,24.7,Active
COc1ccc2c3c1O[C@@]1(C)C(=O)C=C[C@@]4(NC(=O)/C=C/c5ccc([N+](=O)[O-])cc5)C(C2)N(CC2CC2)CCC314,nM,542.0,nM,542.0,Active
O=C(/C=C/c1ccc([N+](=O)[O-])cc1)N[C@@]12C=CC(=O)[C@@H]3Oc4c(O)ccc5c4C31CCN(CC1CC1)C2C5,nM,106.0,nM,106.0,Active
O=C(/C=C/c1ccc([N+](=O)[O-])cc1)N[C@@]12CCC(=O)[C@@H]3Oc4c(O)ccc5c4[C@@]31CCN(CC1CC1)[C@@H]2C5,nM,21.2,nM,21.2,Active
CN1CC[C@]23c4c5ccc(O)c4O[C@H]2C(=O)CC[C@@]3(NC(=O)/C=C/c2ccc([N+](=O)[O-])cc2)[C@H]1C5,nM,3.5,nM,3.5,Active
CN1CCC23c4c5ccc(O)c4O[C@H]2C(=O)C=C[C@@]3(NC(=O)/C=C/c2ccc([N+](=O)[O-])cc2)C1C5,nM,4.35,nM,4.35,Active
COc1ccc2c3c1O[C@@]1(C)C(=O)C=C[C@@]4(NC(=O)/C=C/c5ccc([N+](=O)[O-])cc5)C(C2)N(C)CCC314,nM,374.0,nM,374.0,Active
C[C@@]12Oc3c(O)ccc4c3C13CCN(CC1CC1)C(C4)[C@]3(NC(=O)CCc1ccc([N+](=O)[O-])cc1)CCC2=O,nM,22.6,nM,22.6,Active
COc1ccc2c3c1O[C@@]1(C)C(=O)CC[C@@]4(NC(=O)/C=C/c5ccc([N+](=O)[O-])cc5)C(C2)N(CC2CC2)CCC314,nM,672.0,nM,672.0,Active
CN1CCC23c4c5ccc(O)c4O[C@@]2(C)C(=O)C=C[C@@]3(NC(=O)/C=C/c2ccc([N+](=O)[O-])cc2)C1C5,nM,25.9,nM,25.9,Active
C=CCN1CCN(C(c2ccccc2)c2ccc(C(=O)N(C)C)cc2)CC1,nM,44.3,nM,44.3,Active
C=CCN1C[C@H](C)N([C@@H](c2ccc(-c3ccccn3)cc2)c2cccc(OC)c2)C[C@H]1C,nM,22.0,nM,22.0,Active
C=CCN1CCN(C(c2ccccc2)c2ccc(C(=O)N(CCC)CCC)cc2)CC1,nM,7.2,nM,7.2,Active
CCN(CC)C(=O)c1ccc(C(c2ccccc2)N2CCN(CC3CCc4ccccc4C3)CC2)cc1,nM,1.8,nM,1.8,Active
C=CCN1CCN(C(c2ccccc2)c2ccc(-c3ccccc3)cc2)CC1,nM,1724.0,nM,1724.0,Active
CCCN1CCN(C(c2ccccc2)c2ccc(C(=O)N(CC)CC)cc2)CC1,nM,11.4,nM,11.4,Active
C=CCN1C[C@H](C)N(C(c2ccccc2)c2ccccc2)C[C@H]1C,nM,420.0,nM,420.0,Active
CCN(CC)C(=O)c1ccc(C(c2ccccc2)N(CCN(C)C)Cc2ccccc2)cc1,nM,70.0,nM,70.0,Active
C=CCN1CCN(C(c2ccccc2)c2ccc(C(=O)N(Cc3cccnc3)CC(OCCC)OCCC)cc2)CC1,nM,4.0,nM,4.0,Active
C=CCN1CCCN(C(c2ccccc2)c2ccc(C(=O)N(CC)CC)cc2)CC1,nM,13.0,nM,13.0,Active
C=CCN1CCN([C@@H](c2ccccc2)c2ccc(C(=O)N(CC)CC)cc2)CC1,nM,4.1,nM,4.1,Active
C=CCN1CCN(C(c2ccccc2)c2ccc(C(=O)NCC)cc2)CC1,nM,360.0,nM,360.0,Active
CCN(CC)C(=O)c1ccc(C(c2ccccc2)N2CC(C)NC(C)C2)cc1,nM,42.0,nM,42.0,Active
C=CCN1CCN([C@H](c2ccc(C(=O)N(CC)CC)cc2)c2cccc(OC)c2)CC1,nM,7.4,nM,7.4,Active
C=CCN1CCN(C(c2ccccc2)c2ccc(C(=O)O)cc2)CC1,nM,8097.0,nM,8097.0,Active
CCN(CC)C(=O)c1ccc(C(c2ccccc2)N2CCN(Cc3ccc4c(c3)OCO4)CC2)cc1,nM,1.4,nM,1.4,Active
C=CCN1CCN(C(c2ccccc2)c2ccc(-c3cccnc3)cc2)CC1,nM,500.0,nM,500.0,Active
CCN(CC)C(=O)c1ccc(C(c2ccccc2)N2CCN(CCO)CC2)cc1,nM,5.5,nM,5.5,Active
CCN(CC)C(=O)c1ccc(C(c2ccccc2)N2CCN(c3ccc(O)cc3)CC2)cc1,nM,10.0,nM,10.0,Active
CCN(CC)C(=O)c1ccc(C(c2ccccc2)N2CCN(C3CCCC3)CC2)cc1,nM,5.8,nM,5.8,Active
CCC(=O)N1c2ccccc2OC[C@H]2CN(CCc3ccccc3)CCC21,nM,111.0,nM,111.0,Active
C=CCN1C[C@H](C)N([C@H](c2ccccc2)c2ccc(C(=O)N(CC)CC)cc2)C[C@H]1C,nM,1.1,nM,1.1,Active
CCN(CC)C(=O)c1ccc(C(NCC(C)(C)N)c2ccccc2)cc1,nM,120.0,nM,120.0,Active
C=CCN1CCN(C(c2ccccc2)c2ccc(C(=O)OC)cc2)CC1,nM,607.0,nM,607.0,Active
C=CCN1CCN(C(c2ccccc2)c2ccc(-c3ccccn3)cc2)CC1,nM,250.0,nM,250.0,Active
CCN(CC)C(=O)c1ccc(C(c2ccccc2)N2CCNC3CCCCC32)cc1,nM,29.0,nM,29.0,Active
CCN(CC)C(=O)c1ccc(C(c2ccccc2)N(CC)CCN(C)C)cc1,nM,845.0,nM,845.0,Active
C=CCN1CCN(C(c2ccccc2)c2ccc(-c3cccs3)cc2)CC1,nM,2600.0,nM,2600.0,Active
C=CCN1CCN(C(c2ccccc2)c2ccc(C(=O)Nc3ccc(OC)cc3)cc2)CC1,nM,1904.0,nM,1904.0,Active
C=CCN1CCN(C(c2ccccc2)c2ccc(C(=O)N(CCC)CC3CC3)cc2)CC1,nM,3.0,nM,3.0,Active
O=C(CSSCC(=O)N[C@@]12CCC(=O)[C@@H]3Oc4c(O)ccc5c4[C@@]31CCN(CC1CCC1)[C@@H]2C5)N[C@@]12CCC(=O)[C@@H]3Oc4c(O)ccc5c4[C@@]31CCN(CC1CCC1)[C@@H]2C5,nM,11.9,nM,11.9,Active
C=CCN1C[C@H](C)N([C@@H](c2ccc(C(=S)N(CC)CC)cc2)c2cccc(OC)c2)C[C@H]1C,nM,5.3,nM,5.3,Active
C=CCN1CCN(C(c2ccccc2)c2ccc(C(=O)OCC)cc2)CC1,nM,1394.0,nM,1394.0,Active
CCC(=O)N1c2ccccc2OC[C@@H]2CN(CCc3ccccc3)CCC21,nM,387.0,nM,387.0,Active
C=CCN1C[C@H](C)N([C@@H](c2ccc(C(=O)O)cc2)c2cccc(OC)c2)C[C@H]1C,nM,450.0,nM,450.0,Active
CCN(CC)C(=O)c1ccc([C@H](c2ccccc2)N2C[C@@H](C)N(Cc3ccc4c(c3)OCO4)C[C@@H]2C)cc1,nM,0.54,nM,0.54,Active
C=CCN1C[C@H](C)N([C@@H](c2ccc(C(=O)OC)cc2)c2cccc(OC)c2)C[C@H]1C,nM,240.0,nM,240.0,Active
C=CCN1CCN(C(c2ccccc2)c2ccc(C(=O)N3CCCCC3)cc2)CC1,nM,82.4,nM,82.4,Active
CC[C@H](C)[C@H](NC(=O)[C@H](CCCN=C(N)N)NC(=O)[C@H](CCCN=C(N)N)NC(=O)[C@H](CC(C)C)NC(=O)[C@H](Cc1ccccc1)NC(=O)CNC(=O)CNC(=O)[C@@H](N)Cc1ccc(O)cc1)C(=O)N[C@@H](CCCN=C(N)N)C(=O)N1CCC[C@H]1C(=O)N[C@H](CCCCN)C(N)=O,nM,18.6,nM,18.6,Active
Oc1ccc2c3c1O[C@H]1[C@H](OC[C@@H]4CO4)CC[C@@]4(O)[C@@H](C2)N(CC2CC2)CC[C@]314,nM,13.0,nM,13.0,Active
CC[C@H](C)[C@@H]1NC(=O)[C@H](CCCN=C(N)N)NC(=O)[C@H](CCCN=C(N)N)NC(=O)[C@H](NC(=O)[C@H](Cc2ccccc2)NC(=O)CNC(=O)CNC(=O)[C@@H](N)Cc2ccc(O)cc2)C(C)(C)SCCSC(C)(C)[C@@H](C(N)=O)NC(=O)[C@@H]2CCCN2C(=O)[C@H](CCCN=C(N)N)NC1=O,nM,717.0,nM,717.0,Active
CC[C@H](C)[C@H]1NC(=O)[C@H](CCCN=C(N)N)NC(=O)[C@@H](CCCN=C(N)N)NC(=O)[C@@H](NC(=O)[C@H](Cc2ccccc2)NC(=O)CNC(=O)CNC(=O)[C@@H](N)Cc2ccc(O)cc2)C(C)(C)SCCSC(C)(C)[C@H](C(N)=O)NC(=O)[C@H]2CCCN2C(=O)[C@H](CCCN=C(N)N)NC1=O,nM,1360.0,nM,1360.0,Active
Oc1ccc2c3c1O[C@H]1[C@H](OCCN=S)CC[C@@]4(O)[C@@H](C2)N(CC2CC2)CC[C@]314,nM,6.2,nM,6.2,Active
CC[C@H](C)[C@@H]1NC(=O)[C@H](CCCN=C(N)N)NC(=O)[C@H](CCCN=C(N)N)NC(=O)[C@@H](NC(=O)[C@H](Cc2ccccc2)NC(=O)CNC(=O)CNC(=O)[C@@H](N)Cc2ccc(O)cc2)CSCCSC[C@@H](C(N)=O)NC(=O)[C@@H]2CCCN2C(=O)[C@H](CCCN=C(N)N)NC1=O,nM,13.9,nM,13.9,Active
CC[C@H](C)[C@@H]1NC(=O)[C@H](CCCN=C(N)N)NC(=O)[C@H](CCCN=C(N)N)NC(=O)[C@@H](NC(=O)[C@H](Cc2ccccc2)NC(=O)CNC(=O)CNC(=O)[C@@H](N)Cc2ccc(O)cc2)CSCCSC(C)(C)[C@@H](C(N)=O)NC(=O)[C@@H]2CCCN2C(=O)[C@H](CCCN=C(N)N)NC1=O,nM,319.0,nM,319.0,Active
CC[C@H](C)[C@@H]1NC(=O)[C@H](CCCN=C(N)N)NC(=O)[C@H](CCCN=C(N)N)NC(=O)[C@H](NC(=O)[C@H](Cc2ccccc2)NC(=O)CNC(=O)CNC(=O)[C@@H](N)Cc2ccc(O)cc2)C(C)(C)SCCSC[C@@H](C(N)=O)NC(=O)[C@@H]2CCCN2C(=O)[C@H](CCCN=C(N)N)NC1=O,nM,242.0,nM,242.0,Active
CC[C@H](C)[C@@H]1NC(=O)[C@H](CCCN=C(N)N)NC(=O)[C@H](CCCN=C(N)N)NC(=O)[C@H](NC(=O)[C@H](Cc2ccccc2)NC(=O)CNC(=O)CNC(=O)[C@@H](N)Cc2ccc(O)cc2)CSCCSC(C)(C)[C@H](C(N)=O)NC(=O)[C@@H]2CCCN2C(=O)[C@H](CCCN=C(N)N)NC1=O,nM,2340.0,nM,2340.0,Active
C=C1C[C@@H](CO[C@@H]2CC[C@@]3(OC(C)=O)[C@H]4Cc5ccc(O)c6c5[C@@]3(CCN4CC3CC3)[C@H]2O6)OC1=O,nM,7.7,nM,7.7,Active
CC[C@H](C)[C@@H]1NC(=O)[C@H](CCCN=C(N)N)NC(=O)[C@H](CCCN=C(N)N)NC(=O)[C@H](NC(=O)[C@H](Cc2ccccc2)NC(=O)CNC(=O)CNC(=O)[C@@H](N)Cc2ccc(O)cc2)C(C)(C)SCCSC(C)(C)[C@H](C(N)=O)NC(=O)[C@@H]2CCCN2C(=O)[C@H](CCCN=C(N)N)NC1=O,nM,245.0,nM,245.0,Active
CC[C@H](C)[C@H]1NC(=O)[C@H](CCCN=C(N)N)NC(=O)[C@@H](CCCN=C(N)N)NC(=O)[C@@H](NC(=O)[C@H](Cc2ccccc2)NC(=O)CNC(=O)CNC(=O)[C@@H](N)Cc2ccc(O)cc2)C(C)(C)SCCSC(C)(C)[C@@H](C(N)=O)NC(=O)[C@H]2CCCN2C(=O)[C@H](CCCN=C(N)N)NC1=O,nM,1908.0,nM,1908.0,Active
CC[C@H](C)[C@@H]1NC(=O)[C@H](CCCN=C(N)N)NC(=O)[C@H](CCCN=C(N)N)NC(=O)[C@H](NC(=O)[C@H](Cc2ccccc2)NC(=O)CNC(=O)CNC(=O)[C@@H](N)Cc2ccc(O)cc2)CSCCSC[C@H](C(N)=O)NC(=O)[C@@H]2CCCN2C(=O)[C@H](CCCN=C(N)N)NC1=O,nM,1030.0,nM,1030.0,Active
CC[C@H](C)[C@@H]1NC(=O)[C@H](CCCN=C(N)N)NC(=O)[C@H](CCCN=C(N)N)NC(=O)[C@@H](NC(=O)[C@H](Cc2ccccc2)NC(=O)CNC(=O)CNC(=O)[C@@H](N)Cc2ccc(O)cc2)CSCCSC(C)(C)[C@H](C(N)=O)NC(=O)[C@@H]2CCCN2C(=O)[C@H](CCCN=C(N)N)NC1=O,nM,15.9,nM,15.9,Active
CC[C@H](C)[C@H]1NC(=O)[C@H](CCCN=C(N)N)NC(=O)[C@@H](CCCN=C(N)N)NC(=O)[C@@H](NC(=O)[C@H](Cc2ccccc2)NC(=O)CNC(=O)CNC(=O)[C@@H](N)Cc2ccc(O)cc2)CSCCSC(C)(C)[C@@H](C(N)=O)NC(=O)[C@H]2CCCN2C(=O)[C@H](CCCN=C(N)N)NC1=O,nM,1370.0,nM,1370.0,Active
C=C1C[C@@H](CO[C@@H]2CC[C@@]3(O)[C@H]4Cc5ccc(O)c6c5[C@@]3(CCN4CC3CC3)[C@H]2O6)OC1=O,nM,19.0,nM,19.0,Active
CC[C@H](C)[C@@H]1NC(=O)[C@H](CCCN=C(N)N)NC(=O)[C@H](CCCN=C(N)N)NC(=O)[C@@H](NC(=O)[C@H](Cc2ccccc2)NC(=O)CNC(=O)CNC(=O)[C@@H](N)Cc2ccc(O)cc2)C(C)(C)SCCSC[C@@H](C(N)=O)NC(=O)[C@@H]2CCCN2C(=O)[C@H](CCCN=C(N)N)NC1=O,nM,2000.0,nM,2000.0,Active
CC[C@H](C)[C@H](NC(=O)[C@H](CCCN=C(N)N)NC(=O)[C@H](CCCN=C(N)N)NC(=O)[C@@H](CC(C)C)NC(=O)[C@H](Cc1ccccc1)NC(=O)CNC(=O)CNC(=O)[C@@H](N)Cc1ccc(O)cc1)C(=O)N[C@@H](CCCN=C(N)N)C(=O)N1CCC[C@H]1C(=O)N[C@@H](CCCCN)C(N)=O,nM,1740.0,nM,1740.0,Active
C=C1C[C@H](CO[C@@H]2CC[C@@]3(O)[C@H]4Cc5ccc(O)c6c5[C@@]3(CCN4CC3CC3)[C@H]2O6)OC1=O,nM,9.1,nM,9.1,Active
C=C1C[C@H](CO[C@@H]2CC[C@@]3(OC(C)=O)[C@H]4Cc5ccc(O)c6c5[C@@]3(CCN4CC3CC3)[C@H]2O6)OC1=O,nM,7.2,nM,7.2,Active
Oc1ccc2c3c1O[C@H]1[C@H](OC[C@H]4CO4)CC[C@@]4(O)[C@@H](C2)N(CC2CC2)CC[C@]314,nM,12.0,nM,12.0,Active
CC[C@H](C)[C@H]1NC(=O)[C@H](CCCN=C(N)N)NC(=O)[C@H](CCCN=C(N)N)NC(=O)[C@H](NC(=O)[C@H](Cc2ccccc2)NC(=O)CNC(=O)CNC(=O)[C@@H](N)Cc2ccc(O)cc2)CSCCSC[C@@H](C(N)=O)NC(=O)[C@@H]2CCCN2C(=O)[C@H](CCCN=C(N)N)NC1=O,nM,1000.0,nM,1000.0,Active
CC[C@H](C)[C@@H]1NC(=O)[C@H](CCCN=C(N)N)NC(=O)[C@H](CCCN=C(N)N)NC(=O)[C@H](NC(=O)[C@H](Cc2ccccc2)NC(=O)CNC(=O)CNC(=O)[C@@H](N)Cc2ccc(O)cc2)C(C)(C)SCCSC[C@H](C(N)=O)NC(=O)[C@@H]2CCCN2C(=O)[C@H](CCCN=C(N)N)NC1=O,nM,232.0,nM,232.0,Active
CC[C@H](C)[C@H]1NC(=O)[C@H](CCCN=C(N)N)NC(=O)[C@@H](CCCN=C(N)N)NC(=O)[C@@H](NC(=O)[C@H](Cc2ccccc2)NC(=O)CNC(=O)CNC(=O)[C@@H](N)Cc2ccc(O)cc2)C(C)(C)SCCSC[C@@H](C(N)=O)NC(=O)[C@H]2CCCN2C(=O)[C@H](CCCN=C(N)N)NC1=O,nM,390.0,nM,390.0,Active
CC[C@H](C)[C@@H]1NC(=O)[C@H](CCCN=C(N)N)NC(=O)[C@H](CCCN=C(N)N)NC(=O)[C@H](NC(=O)[C@H](Cc2ccccc2)NC(=O)CNC(=O)CNC(=O)[C@@H](N)Cc2ccc(O)cc2)CSCCSC[C@@H](C(N)=O)NC(=O)[C@@H]2CCCN2C(=O)[C@H](CCCN=C(N)N)NC1=O,nM,2190.0,nM,2190.0,Active
CN1C(=O)C2(CCN(CC3CCCCCCC3)CC2)c2ccc(O)cc21,nM,300.0,uM,0.3,Active
Cc1ccc2c(c1)N(C)C(=O)C21CCN(CC2CCCCCCC2)CC1,nM,8800.0,uM,8.8,Active
Cc1ccc2c(c1)C1(CCN(CC3CCCCCCC3)CC1)C(=O)N2C,nM,9400.0,uM,9.4,Active
CCCN1C(=O)C2(CCN(CC3CCCCCCC3)CC2)c2cc(C(C)C)ccc21,nM,5700.0,uM,5.7,Active
N[C@@H](Cc1ccc(O)cc1)C(=O)N[C@@H]1CSSC[C@@H](NC(=O)[C@@H](N)Cc2ccc(O)cc2)C(=O)NCC(=O)N[C@@H](Cc2ccccc2)C(=O)NNC(=O)[C@H](Cc2ccccc2)NC(=O)CNC1=O,nM,0.87,nM,0.87,Active
N[C@@H](Cc1ccc(O)cc1)C(=O)N[C@H]1CSSC[C@H](NC(=O)[C@@H](N)Cc2ccc(O)cc2)C(=O)NCC(=O)N[C@@H](Cc2ccccc2)C(=O)NNC(=O)[C@H](Cc2ccccc2)NC(=O)CNC1=O,nM,53.0,nM,53.0,Active
CNC[C@@H](Cc1ccccc1)N(C)C[C@H](Cc1ccc(O)cc1)N(C)C[C@@H](N)Cc1ccc(O)cc1,nM,8529.0,nM,8529.0,Active
CNC[C@H](Cc1ccccc1)N(C)C[C@@H](Cc1ccc(O)cc1)N(C)C[C@@H](N)Cc1ccc(O)cc1,nM,48207.0,nM,48207.0,Inactive
CNC[C@H](Cc1ccccc1)N(C)C[C@H](Cc1ccc(O)cc1)N(C)C[C@@H](Cc1ccc(O)cc1)N(C)C,nM,9048.0,nM,9048.0,Active
CNC[C@@H](Cc1ccccc1)N(C)C[C@@H](Cc1ccc(O)cc1)N(C)C[C@@H](Cc1ccc(O)cc1)N(C)C,nM,4969.0,nM,4969.0,Active
CNC[C@@H](Cc1ccccc1)N(C)C[C@@H](Cc1ccc(O)cc1)N(C)C[C@H](Cc1ccc(O)cc1)N(C)C,nM,16984.0,nM,16984.0,Inactive
CNC[C@@H](Cc1ccccc1)N(C)C[C@H](Cc1ccc(O)cc1)N(C)C[C@@H](Cc1ccc(O)cc1)N(C)C,nM,11273.0,nM,11273.0,Inactive
CNC[C@H](Cc1ccccc1)N(C)C[C@@H](Cc1ccc(O)cc1)N(C)C[C@@H](Cc1ccc(O)cc1)N(C)C,nM,17799.0,nM,17799.0,Inactive
CN[C@H](CN[C@H](CN)Cc1ccc(O)cc1)Cc1ccc(O)cc1,nM,10928.0,nM,10928.0,Inactive
CN(C)[C@H](CN[C@H](CN)Cc1ccc(O)cc1)Cc1ccc(O)cc1,nM,17935.0,nM,17935.0,Inactive
CN[C@@H](Cc1ccc(O)cc1)CN(C)[C@H](CNCc1ccccc1)Cc1ccc(O)cc1,nM,3967.0,nM,3967.0,Active
CN(C)[C@@H](Cc1ccc(O)cc1)CN(C)[C@H](CNCc1ccccc1)Cc1ccc(O)cc1,nM,8260.0,nM,8260.0,Active
CNC[C@H](Cc1ccc(O)cc1)N(Cc1ccccc1)C[C@@H](N)Cc1ccc(O)cc1,nM,35616.0,nM,35616.0,Inactive
CNC[C@H](Cc1ccc(O)cc1)N(Cc1ccccc1)C[C@H](Cc1ccc(O)cc1)NC,nM,10215.0,nM,10215.0,Inactive
CNC[C@H](Cc1ccc(O)cc1)N(Cc1ccccc1)C[C@H](Cc1ccc(O)cc1)N(C)C,nM,56703.0,nM,56703.0,Inactive
CN(C[C@@H](N)Cc1ccc(O)cc1)[C@H](CNCc1ccccc1)Cc1ccc(O)cc1,nM,10189.0,nM,10189.0,Inactive
CNC[C@H](Cc1ccccc1)N(C)C[C@H](Cc1ccc(O)cc1)N(C)C[C@H](Cc1ccc(O)cc1)N(C)C,nM,4895.0,nM,4895.0,Active
Cc1cc(O)cc(C)c1C[C@H](N)C(=O)N1Cc2ccccc2C[C@H]1C(=O)NCCC(=O)Oc1ccc2c(c1)[C@@]13CCCC[C@H]1[C@@H](C2)N(CC1CCC1)CC3,nM,3.9,nM,3.9,Active
Cc1cc(O)cc(C)c1C[C@H](N)C(=O)N1Cc2ccccc2C[C@H]1C(=O)NCCC(=O)O,nM,10.0,nM,10.0,Active
CC1CN(CCCc2ccccc2)[C@@H]2C[C@@H](NC(=O)C3(c4ccccc4)CCCC3)C[C@@]1(c1cccc(O)c1)C2,nM,1.8,nM,1.8,Active
C=CCN(CC=C)[C@@H](Cc1ccc(O)cc1)C(=O)NC(C)(C)C(=O)NC(C)(C)C(=O)N[C@@H](Cc1ccccc1)C(=O)N[C@@H](CC(C)C)C(=O)O,nM,83.0,nM,83.0,Active
C[C@H]1CN(C/C=C/c2ccccc2)[C@@H]2C[C@@H](NC(=O)C(C)(C)c3ccccc3)C[C@@]1(c1cccc(O)c1)C2,nM,0.72,nM,0.72,Active
Cc1ccccc1/C=C/CN1C[C@H](C)[C@@]2(c3cccc(O)c3)C[C@H](NC(=O)C(C)(C)c3ccccc3)C[C@@H]1C2,nM,0.12,nM,0.12,Active
Cc1ccccc1/C=C/CN1C[C@H](C)[C@@]2(c3cccc(O)c3)C[C@H](NC(=O)C3(c4ccccc4)CCCC3)C[C@@H]1C2,nM,0.5,nM,0.5,Active
C[C@H]1CN(CCOc2ccccc2)[C@@H]2C[C@@H](NC(=O)C(C)(C)c3ccccc3)C[C@@]1(c1cccc(O)c1)C2,nM,1.4,nM,1.4,Active
C[C@H]1CN(CCCc2ccccc2)[C@@H]2C[C@@H](NC(=O)C3(c4ccsc4)CCCC3)C[C@@]1(c1cccc(O)c1)C2,nM,0.45,nM,0.45,Active
C[C@H]1CN(CCCc2ccccc2)[C@@H]2C[C@@H](NC(=O)C3(c4cccs4)CCCC3)C[C@@]1(c1cccc(O)c1)C2,nM,0.8,nM,0.8,Active
C[C@H]1CN(CCCc2ccccc2)[C@@H]2C[C@@H](NC(=O)C3(c4ccc5ccccc5c4)CCCC3)C[C@@]1(c1cccc(O)c1)C2,nM,7.7,nM,7.7,Active
C[C@H]1CN(CCCc2ccccc2)[C@@H]2C[C@@H](NC(=O)C3(c4cccc5ccccc45)CCCC3)C[C@@]1(c1cccc(O)c1)C2,nM,16.0,nM,16.0,Active
C[C@H]1CN(CCCc2ccccc2)[C@@H]2C[C@@H](NC(=O)C3(c4ccc(F)cc4)CCCC3)C[C@@]1(c1cccc(O)c1)C2,nM,0.45,nM,0.45,Active
COc1ccc(C2(C(=O)N[C@@H]3C[C@@H]4C[C@](c5cccc(O)c5)(C3)[C@@H](C)CN4CCCc3ccccc3)CCCC2)cc1,nM,0.48,nM,0.48,Active
C[C@@H](C(=O)N[C@@H]1C[C@@H]2C[C@](c3cccc(O)c3)(C1)[C@@H](C)CN2CCCc1ccccc1)c1ccccc1,nM,0.15,nM,0.15,Active
CCC(CC)(C(=O)N[C@@H]1C[C@@H]2C[C@](c3cccc(O)c3)(C1)[C@@H](C)CN2CCCc1ccccc1)c1ccccc1,nM,1.8,nM,1.8,Active
C[C@H]1CN(CCCc2ccccc2)[C@@H]2C[C@@H](NC(=O)C(C)(C)c3ccccc3)C[C@@]1(c1cccc(O)c1)C2,nM,0.4,nM,0.4,Active
C[C@H]1CN(CCCc2ccccc2)[C@@H]2C[C@@H](NC(=O)C3(c4ccccc4)CCCCCC3)C[C@@]1(c1cccc(O)c1)C2,nM,0.39,nM,0.39,Active
C[C@H]1CN(CCCc2ccccc2)[C@@H]2C[C@@H](NC(=O)C3(c4ccccc4)CCCCC3)C[C@@]1(c1cccc(O)c1)C2,nM,0.68,nM,0.68,Active
C[C@H]1CN(CCCc2ccccc2)[C@@H]2C[C@@H](NC(=O)C3(c4ccccc4)CCC3)C[C@@]1(c1cccc(O)c1)C2,nM,0.42,nM,0.42,Active
C[C@H]1CN(C)[C@@H]2C[C@@H](NC(=O)C3(c4ccccc4)CCCC3)C[C@@]1(c1cccc(O)c1)C2,nM,95.0,nM,95.0,Active
NCCC(=O)N(c1ccccc1)C1CCN(CCc2ccccc2)CC1,nM,13000.0,nM,13000.0,Inactive
O=C(O)CCC(=O)N(c1ccccc1)C1CCN(CCc2ccccc2)CC1,nM,9400.0,nM,9400.0,Active
C[C@@H](NC(=O)[C@@H](N)Cc1ccc(O)cc1)C(=O)NCC(=O)N[C@@H](Cc1ccccc1)C(=O)NCCC(=O)N(c1ccccc1)C1CCN(CCc2ccccc2)CC1,nM,0.99,nM,0.99,Active
CC(=O)NC(Cc1ccccc1)C(=O)NCCC(=O)N(c1ccccc1)C1CCN(CCc2ccccc2)CC1,nM,7600.0,nM,7600.0,Active
CCNC(=O)NCCC(=O)N(c1ccccc1)C1CCN(CCc2ccccc2)CC1,nM,6650.0,nM,6650.0,Active
O=C(CCNC(=O)C(F)(F)F)N(c1ccccc1)C1CCN(CCc2ccccc2)CC1,nM,12100.0,nM,12100.0,Inactive
CCC(=O)NCCC(=O)N(c1ccccc1)C1CCN(CCc2ccccc2)CC1,nM,450.0,nM,450.0,Active
CC(=O)NCCC(=O)N(c1ccccc1)C1CCN(CCc2ccccc2)CC1,nM,8400.0,nM,8400.0,Active
COc1ccc2c3c1O[C@H]1C(=O)CC[C@@]4(NC(=O)/C=C/c5ccc(Cl)cc5)[C@@H](C2)N(CC2CC2)CC[C@]314,nM,7.16,nM,7.16,Active
COc1ccc2c3c1O[C@H]1C(=O)CC[C@@]4(O)[C@@H](C2)N(CC2CC2)CC[C@]314,nM,1000.0,nM,1000.0,Active
O=C1CC[C@@]2(NCCc3ccc(Cl)cc3)[C@H]3Cc4ccc(O)c5c4[C@@]2(CCN3CC2CC2)[C@H]1O5,nM,1.59,nM,1.59,Active
O=C(Cc1ccc(Cl)cc1)N[C@@]12CCC(=O)[C@@H]3Oc4c(O)ccc5c4[C@@]31CCN(CC1CC1)[C@@H]2C5,nM,2.41,nM,2.41,Active
O=C1CC[C@@]2(NCCCCc3ccc(Cl)cc3)[C@H]3Cc4ccc(O)c5c4[C@@]2(CCN3CC2CC2)[C@H]1O5,nM,0.67,nM,0.67,Active
O=C1CC[C@@]2(NCC/C=C/c3ccc(Cl)cc3)[C@H]3Cc4ccc(O)c5c4[C@@]2(CCN3CC2CC2)[C@H]1O5,nM,1.17,nM,1.17,Active
O=C1CC[C@@]2(NC/C=C/Cc3ccc(Cl)cc3)[C@H]3Cc4ccc(O)c5c4[C@@]2(CCN3CC2CC2)[C@H]1O5,nM,3.35,nM,3.35,Active
O=C(CCCc1ccc(Cl)cc1)N[C@@]12CCC(=O)[C@@H]3Oc4c(O)ccc5c4[C@@]31CCN(CC1CC1)[C@@H]2C5,nM,1.37,nM,1.37,Active
O=C(C/C=C/c1ccc(Cl)cc1)N[C@@]12CCC(=O)[C@@H]3Oc4c(O)ccc5c4[C@@]31CCN(CC1CC1)[C@@H]2C5,nM,1.7,nM,1.7,Active
O=C1CC[C@@]2(NCCCc3ccc(Cl)cc3)[C@H]3Cc4ccc(O)c5c4[C@@]2(CCN3CC2CC2)[C@H]1O5,nM,0.02,nM,0.02,Active
O=C(CCc1ccc(Cl)cc1)N[C@@]12CCC(=O)[C@@H]3Oc4c(O)ccc5c4[C@@]31CCN(CC1CC1)[C@@H]2C5,nM,0.03,nM,0.03,Active
O=C(/C=C/c1ccc(Cl)cc1)N[C@@]12CCC(=O)[C@@H]3Oc4c(O)ccc5c4[C@@]31CCN(CC1CC1)[C@@H]2C5,nM,0.19,nM,0.19,Active
COc1ccc2c3c1O[C@H]1C(=O)CC[C@@]4(NCCc5ccc(Cl)cc5)[C@@H](C2)N(CC2CC2)CC[C@]314,nM,63.0,nM,63.0,Active
COc1ccc2c3c1O[C@H]1C(=O)CC[C@@]4(NC(=O)Cc5ccc(Cl)cc5)[C@@H](C2)N(CC2CC2)CC[C@]314,nM,88.7,nM,88.7,Active
COc1ccc2c3c1O[C@H]1C(=O)CC[C@@]4(NCCCCc5ccc(Cl)cc5)[C@@H](C2)N(CC2CC2)CC[C@]314,nM,61.1,nM,61.1,Active
COc1ccc2c3c1O[C@H]1C(=O)CC[C@@]4(NCC/C=C/c5ccc(Cl)cc5)[C@@H](C2)N(CC2CC2)CC[C@]314,nM,148.0,nM,148.0,Active
COc1ccc2c3c1O[C@H]1C(=O)CC[C@@]4(NC/C=C/Cc5ccc(Cl)cc5)[C@@H](C2)N(CC2CC2)CC[C@]314,nM,96.8,nM,96.8,Active
COc1ccc2c3c1O[C@H]1C(=O)CC[C@@]4(NC(=O)CCCc5ccc(Cl)cc5)[C@@H](C2)N(CC2CC2)CC[C@]314,nM,79.9,nM,79.9,Active
COc1ccc2c3c1O[C@H]1C(=O)CC[C@@]4(NC(=O)C/C=C/c5ccc(Cl)cc5)[C@@H](C2)N(CC2CC2)CC[C@]314,nM,118.0,nM,118.0,Active
COc1ccc2c3c1O[C@H]1C(=O)CC[C@@]4(NCCCc5ccc(Cl)cc5)[C@@H](C2)N(CC2CC2)CC[C@]314,nM,1.66,nM,1.66,Active
COc1ccc2c3c1O[C@H]1C(=O)CC[C@@]4(NC(=O)CCc5ccc(Cl)cc5)[C@@H](C2)N(CC2CC2)CC[C@]314,nM,0.76,nM,0.76,Active
C[C@H]1CN2C[C@H](c3ccccc3)CC[C@H]2C[C@@]1(C)c1cccc(O)c1,nM,51.0,nM,51.0,Active
C[C@H]1CN2C[C@H](c3ccccc3)NC[C@H]2C[C@@]1(C)c1cccc(C(N)=O)c1,nM,110.0,nM,110.0,Active
C[C@H]1CN2C[C@H](c3ccccc3)N(Cc3ccccc3)C[C@H]2C[C@@]1(C)c1cccc(O)c1,nM,1300.0,nM,1300.0,Active
C[C@H]1CN2C[C@H](c3ccccc3)N(C)C[C@H]2C[C@@]1(C)c1cccc(O)c1,nM,580.0,nM,580.0,Active
C[C@H]1CN2C[C@H](c3ccccc3)NC[C@H]2C[C@@]1(C)c1cccc(O)c1,nM,98.0,nM,98.0,Active
C[C@H]1CN2C[C@H](C3CCCCC3)NC[C@H]2C[C@@]1(C)c1cccc(O)c1,nM,28.0,nM,28.0,Active
C[C@H]1CN2C[C@H](Cc3ccccc3)NC[C@H]2C[C@@]1(C)c1cccc(O)c1,nM,33.0,nM,33.0,Active
C[C@H]1CN2CCN(C(=O)c3ccccc3)C[C@H]2C[C@@]1(C)c1cccc(O)c1,nM,14.0,nM,14.0,Active
C[C@H]1CN2CCN(CCc3ccccc3)C[C@H]2C[C@@]1(C)c1cccc(O)c1,nM,310.0,nM,310.0,Active
C[C@H]1CN2CCN(Cc3ccccc3)C[C@H]2C[C@@]1(C)c1cccc(O)c1,nM,150.0,nM,150.0,Active
C[C@H]1CN2CCN(Cc3ccccc3O)C[C@H]2C[C@@]1(C)c1cccc(O)c1,nM,570.0,nM,570.0,Active
C[C@H]1CN2CCN(Cc3ccccc3Cl)C[C@H]2C[C@@]1(C)c1cccc(O)c1,nM,190.0,nM,190.0,Active
Cc1ccccc1CN1CCN2C[C@H](C)[C@](C)(c3cccc(O)c3)C[C@@H]2C1,nM,62.0,nM,62.0,Active
C[C@H]1CN2CCN(CC3CCCCC3)C[C@H]2C[C@@]1(C)c1cccc(O)c1,nM,85.0,nM,85.0,Active
C[C@H]1CN2CCN(Cc3cccs3)C[C@H]2C[C@@]1(C)c1cccc(O)c1,nM,340.0,nM,340.0,Active
C[C@H]1CC=CC(=O)[C@@H]1C(=O)C[C@@H]1CCCN1CCCO,nM,32100.0,uM,32.1,Inactive
C[C@H]1CC=CC(=O)[C@@H]1C(=O)C[C@H]1CCCN1CCCO,nM,32100.0,uM,32.1,Inactive
Cc1cccc(O)c1C(=O)C1=CCCN2CCC[C@H]12,nM,2740.0,uM,2.74,Active
Cc1cccc2c1C(=O)C1[C@H]3CCCN3CC[C@H]1O2,nM,86400.0,uM,86.4,Inactive
Cc1cccc2c1C(=O)[C@H]1[C@H](CCN3CCC[C@H]13)O2,nM,13600.0,uM,13.6,Inactive
Cc1cccc(O)c1C(=O)[C@@H]1[C@H]2CCCN2CC[C@@H]1O,nM,35100.0,uM,35.1,Inactive
CN1CC[C@]23Cc4[nH]c5ccccc5c4C[C@H]2[C@H]1Cc1ccc(O)cc13,nM,1.5,nM,1.5,Active
Oc1ccc2c(c1)[C@]13CCN(CC4CCC4)[C@H](C2)[C@@H]1Cc1c([nH]c2ccccc12)C3,nM,0.6,nM,0.6,Active
Oc1ccc2c(c1)[C@]13CCN(CC4CC4)[C@H](C2)[C@@H]1Cc1c([nH]c2ccccc12)C3,nM,1.2,nM,1.2,Active
CCCCCC(=O)NCCCN1CCCC1CC(=O)c1c(C)cccc1O,nM,11400.0,uM,11.4,Inactive
CCCCCC(=O)NCCCN1CCC[C@H]1CC(=O)O,nM,30900.0,uM,30.9,Inactive
COc1ccc(C[C@H]2CN3C(=NC[C@@H]3C)N2CCCC2CCCCC2)cc1,nM,5458.0,nM,5458.0,Active
COc1ccc(C[C@@H]2CN3C(=NC[C@@H]3C)N2CCC2CC3CCC2C3)cc1,nM,2066.0,nM,2066.0,Active
C[C@@H]1CN(CCO)CCN1c1cc2[nH]c(SC(C)(C)C)nc2cc1Cl,nM,1200.0,nM,1200.0,Active
C[C@H]1CN(CCO)CCN1c1cc2[nH]c(SC(C)(C)C)nc2cc1Cl,nM,238.0,nM,238.0,Active
Cc1c(C(=O)c2ccc(Cl)cc2)c2ccc(OC(F)(F)F)cc2n1Cc1cccc(O[C@H](C)C(=O)O)c1,nM,1690.0,uM,1.69,Active
Cl.NC(=O)c1ccc2c(c1O)[C@]13CCN(CC4CC4)[C@H](C2)[C@]1(O)CCC(=O)C3,nM,6.9,nM,6.9,Active
NC(=O)c1ccc2c(c1O)[C@]13CCN(CC4CCC4)[C@H](C2)[C@]1(O)CC[C@@H](O)C3,nM,130.0,nM,130.0,Active
NC(=O)c1ccc2c(c1O)[C@@]13CCCC[C@@]1(O)[C@@H](C2)N(CC1CC1)CC3,nM,5.8,nM,5.8,Active
NC(=O)c1ccc2c(c1O)[C@]13CCN(CC4CC4)[C@H](C2)[C@]1(O)Cc1c([nH]c2ccccc12)C3,nM,0.08,nM,0.08,Active
NC(=O)c1ccc2c3c1O[C@H]1c4[nH]c5ccccc5c4C[C@@]4(O)[C@@H](C2)N(CC2CC2)CC[C@]314,nM,0.77,nM,0.77,Active
C[C@H]1CC=CC2=C1C(=O)[C@@H]1[C@@H](CCN3CCC[C@@H]13)O2,nM,9900.0,uM,9.9,Active
COC(=O)C[C@@H]1C[C@H](C)CC(C2=CCCN3CCCC23)=N1,nM,75400.0,uM,75.4,Inactive
C[C@H]1C[C@H](N)CC2=C1C(=O)[C@@H]1[C@@H](CCN3CCC[C@@H]13)O2,nM,1550.0,uM,1.55,Active
C[C@H]1CC=CC(=O)[C@@H]1C(=O)C1=CCCN2CCC[C@@H]12,nM,1650.0,uM,1.65,Active
C[C@H]1C[C@H](O)CC2=C1C(=O)[C@@H]1[C@@H](CCN3CCC[C@@H]13)O2,nM,14600.0,uM,14.6,Inactive
COCCNC1c2ccccc2CCC1c1ccsc1,nM,7161.0,nM,7161.0,Active
COCCN[C@@H]1c2ccccc2CC[C@H]1c1ccsc1,nM,3795.0,nM,3795.0,Active
COCCN(C(=O)c1cc(C)nn1C)C1c2ccccc2CCC1c1ccsc1,nM,1274.0,nM,1274.0,Active
COCCN(C(=O)c1ccco1)C1c2ccccc2C=CC1N1CCN(c2ccccc2)CC1,nM,3947.0,nM,3947.0,Active
COCCN(C(=O)c1ccc(Cl)c(Cl)c1)C1c2ccccc2C=CC1N1CCN(c2ccccc2)CC1,nM,3620.0,nM,3620.0,Active
COCCN(C(=O)COCc1ccccc1)C1c2ccccc2C=CC1N1CCN(c2ccccc2)CC1,nM,3887.0,nM,3887.0,Active
COCCN(C(=O)Cc1cccc(OC)c1)C1c2ccccc2C=CC1N1CCN(c2ccccc2)CC1,nM,1467.0,nM,1467.0,Active
COCCN(C(=O)Cc1ccc(Cl)cc1)C1c2ccccc2C=CC1N1CCN(c2ccccc2)CC1,nM,1955.0,nM,1955.0,Active
COCCN(C(=O)c1sccc1Cl)C1c2ccccc2C=CC1N1CCN(c2ccccc2)CC1,nM,2289.0,nM,2289.0,Active
COCCN(C(=O)c1sccc1Cl)[C@@H]1c2ccccc2C=C[C@H]1N1CCN(c2ccccc2)CC1,nM,1243.0,nM,1243.0,Active
COCCN(C(=O)c1ccc(Cl)c(Cl)c1)C1c2cc(OC)c(OC)cc2CCC1N(C)C,nM,3501.0,nM,3501.0,Active
N[C@@H](Cc1ccc(O)cc1)C(=O)N[C@H](CCCN(N=C=S)N=C=S)C(=O)N[C@@H](Cc1ccccc1)C(=O)NCC(=O)N[C@@H](Cc1ccc(O)cc1)C(=O)N1CCC[C@H]1C(=O)N[C@@H](CO)C(=O)O,nM,23.8,nM,23.8,Active
N[C@@H](Cc1ccc(O)cc1)C(=O)N[C@H](CCCN(C(=O)CBr)C(=O)CBr)C(=O)N[C@@H](Cc1ccccc1)C(=O)NCC(=O)N[C@@H](Cc1ccc(O)cc1)C(=O)N1CCC[C@H]1C(=O)N[C@@H](CO)C(=O)O,nM,342.0,nM,342.0,Active
CC(=O)N(CCC[C@@H](NC(=O)[C@@H](N)Cc1ccc(O)cc1)C(=O)N[C@@H](Cc1ccccc1)C(=O)NCC(=O)N[C@@H](Cc1ccc(O)cc1)C(=O)N1CCC[C@H]1C(=O)N[C@@H](CO)C(=O)O)C(C)=O,nM,272.0,nM,272.0,Active
N[C@@H](Cc1ccc(O)cc1)C(=O)N[C@H](CCCCN(N=C=S)N=C=S)C(=O)N[C@@H](Cc1ccccc1)C(=O)NCC(=O)N[C@@H](Cc1ccc(O)cc1)C(=O)N1CCC[C@H]1C(=O)N[C@@H](CO)C(=O)O,nM,97.1,nM,97.1,Active
N[C@@H](Cc1ccc(O)cc1)C(=O)N[C@H](CCCCN(C(=O)CBr)C(=O)CBr)C(=O)N[C@@H](Cc1ccccc1)C(=O)NCC(=O)N[C@@H](Cc1ccc(O)cc1)C(=O)N1CCC[C@H]1C(=O)N[C@@H](CO)C(=O)O,nM,382.0,nM,382.0,Active
CC(=O)N(CCCC[C@@H](NC(=O)[C@@H](N)Cc1ccc(O)cc1)C(=O)N[C@@H](Cc1ccccc1)C(=O)NCC(=O)N[C@@H](Cc1ccc(O)cc1)C(=O)N1CCC[C@H]1C(=O)N[C@@H](CO)C(=O)O)C(C)=O,nM,436.0,nM,436.0,Active
CCN(CC)C(=O)c1ccc(C2(c3cccc(O)c3)CCN(CC3CC3)CC2)cc1,nM,155.0,nM,155.0,Active
CCCC(C)CN1CCC(c2ccc(C(=O)N(C)C)cc2)(c2cccc(O)c2)CC1,nM,72.0,nM,72.0,Active
CCC(O)(CC)c1ccc(C2(c3cccc(C(N)=O)c3)CCN(CC3CC3)CC2)cc1,nM,282.0,nM,282.0,Active
CCCC(C)CN1CCC(c2ccc(C(O)(CC)CC)cc2)(c2cccc(C(N)=O)c2)CC1,nM,4.7,nM,4.7,Active
CCN(CC)C(=O)c1ccc(C2(c3cccc(O)c3)CCCN(CC3CC3)C2)cc1,nM,7.1,nM,7.1,Active
CCCCN1CCCC(c2ccc(C(=O)N(CC)CC)cc2)(c2cccc(O)c2)C1,nM,55.0,nM,55.0,Active
CCN(CC)C(=O)c1ccc(C2(c3cccc(O)c3)CCCN(Cc3nccs3)C2)cc1,nM,16.0,nM,16.0,Active
CCN(CC)C(=O)c1ccc(C2(c3cccc(C(N)=O)c3)CCCN(Cc3nccs3)C2)cc1,nM,12.0,nM,12.0,Active
COc1ccc(/C=C/C(=O)O[C@H]2C[C@]34CCN(C)[C@@]35C[C@H](O[C@]5(OC)[C@H]2OC)c2ccc(OC)c(O)c24)cc1O,nM,11300.0,uM,11.3,Inactive
COc1ccc2c(c1O)[C@@]13CCN(C)[C@@]14C[C@@H]2O[C@]4(OC)[C@@H](O)[C@@H](OC(=O)/C=C/c1ccccc1)C3,nM,2500.0,uM,2.5,Active
COc1ccc2c(c1O)[C@@]13CC(=O)N(C)[C@@]14C[C@@H]2O[C@]4(OC)[C@@H](OC)[C@@H](OC(=O)/C=C/c1ccccc1)C3,nM,5100.0,uM,5.1,Active
COC1=C(OC)[C@]23CCc4ccc(OC)c(O)c4[C@]2(CCN3C)CC1=O,nM,46000.0,uM,46.0,Inactive
COc1ccc2c(c1O)[C@@]13CCN(C)[C@@]14C[C@@H]2O[C@]4(O)[C@@H](OC)[C@@H](O)C3,nM,700.0,uM,0.7,Active
COC1=C(OC)[C@]23CCc4ccc(OC)c(O)c4[C@@]2(CC1=O)CC(=O)N3C,nM,17000.0,uM,17.0,Inactive
COc1ccc2c(c1O)[C@@]13CCN(C)[C@@]14C[C@@H]2O[C@]4(OC)[C@@H](OC)[C@@H](O)C3,nM,2100.0,uM,2.1,Active
COC1=CC[C@]23CCN(C)[C@@]24C[C@H](O[C@@]14O)c1ccc(OC)c(O)c13,nM,5500.0,uM,5.5,Active
COC1=C2[C@@H]3Cc4ccc(OC)c(O)c4[C@]2(CCN3)C[C@H](O)[C@@H]1O,nM,37000.0,uM,37.0,Inactive
Cc1ccc(CN2[C@@H]3CC[C@H]2C[C@@H](Oc2cccc(C(N)=O)c2)C3)s1,nM,8306.0,nM,8306.0,Active
NC(=O)c1cccc(O[C@H]2C[C@H]3CC[C@@H](C2)N3Cc2ccccc2)c1,nM,27442.0,nM,27442.0,Inactive
NC(=O)c1cccc(C[C@@H]2C[C@H]3CC[C@@H](C2)N3Cc2ccccc2)c1,nM,24290.0,nM,24290.0,Inactive
NC(=O)c1cccc(N[C@H]2C[C@H]3CC[C@@H](C2)N3Cc2ccccc2)c1,nM,14697.0,nM,14697.0,Inactive
C[C@H]1CN(CCC(=O)Nc2ccccc2)[C@@H]2Cc3ccc(O)cc3[C@]1(C)C2,nM,12.0,nM,12.0,Active
CC(C)[C@@H](CN1CC[C@@](C)(c2cccc(O)c2)[C@@H](C)C1)NC(=O)[C@H]1Cc2ccccc2CN1,nM,1279.0,nM,1279.0,Active
NC(=O)c1cccc(O[C@@H]2C[C@H]3CC[C@@H](C2)N3Cc2ccccc2)c1,nM,27442.0,nM,27442.0,Inactive
Cc1ccc(CN2[C@@H]3CC[C@H]2C[C@H](Oc2cccc(C(N)=O)c2)C3)s1,nM,8306.0,nM,8306.0,Active
Cc1ccc(CN2[C@@H]3CC[C@H]2C[C@H](Oc2cccc(C(N)=O)c2)C3)o1,nM,22049.0,nM,22049.0,Inactive
NC(=O)c1cccc(O[C@@H]2C[C@H]3CC[C@@H](C2)N3CCc2ccccc2)c1,nM,2145.0,nM,2145.0,Active
NC(=O)c1cccc(O[C@@H]2C[C@H]3CC[C@@H](C2)N3CCCc2ccccc2)c1,nM,4000.0,nM,4000.0,Active
Cc1ccc(CN2[C@@H]3CC[C@H]2C[C@H](Oc2cccc(C(N)=O)c2)C3)cc1,nM,10914.0,nM,10914.0,Inactive
Cc1cccc(CN2[C@@H]3CC[C@H]2C[C@H](Oc2cccc(C(N)=O)c2)C3)c1,nM,11076.0,nM,11076.0,Inactive
NC(=O)c1cccc(O[C@@H]2C[C@H]3CC[C@@H](C2)N3Cc2ccc3c(c2)OCO3)c1,nM,4842.0,nM,4842.0,Active
CS(=O)(=O)Cc1ccc(CN2[C@@H]3CC[C@H]2C[C@H](Oc2cccc(C(N)=O)c2)C3)cc1,nM,5389.0,nM,5389.0,Active
NC(=O)c1cccc(O[C@@H]2C[C@H]3CC[C@@H](C2)N3CC(=O)Nc2ccccc2)c1,nM,2668.0,nM,2668.0,Active
Cc1cc(O)cc(C)c1C[C@@H](C(=O)N1Cc2ccccc2C[C@H]1C(=O)NCCC(=O)OC1=C2O[C@H]3[C@@H](O)C=C[C@H]4[C@H]5CC(C=C1)C2[C@]43CCN5C)N(C)C.O=C(O)C(F)(F)F.O=C(O)C(F)(F)F,nM,0.81,nM,0.81,Active
Cc1cc(O)cc(C)c1C[C@@H](C(=O)N1Cc2ccccc2C[C@H]1C(=O)OC1=C2O[C@H]3[C@@H](O)C=C[C@H]4[C@H]5CC(C=C1)C2[C@]43CCN5C)N(C)C.O=C(O)C(F)(F)F.O=C(O)C(F)(F)F,nM,1.7,nM,1.7,Active
CNc1cc(Cl)c2nonc2c1[N+](=O)[O-],nM,10371.0,uM,10.371,Inactive
S=c1sc2c(Cl)ncnc2n1-c1ccccc1,nM,4697.0,uM,4.697,Active
O=C(OCn1ncc(Br)c(Br)c1=O)c1ccc(F)cc1,nM,10299.0,uM,10.299,Inactive
CCc1ccc(NC(=O)c2nc(S(=O)(=O)Cc3ccccc3)ncc2Cl)cc1,nM,11897.0,uM,11.897,Inactive
Cc1[nH]c2ccccc2c1/C=C1\SC(=N)N(c2nccs2)C1=O,nM,23446.0,uM,23.446,Inactive
COc1cc(OC)c(OC)cc1CCC(C)NCCC(c1ccccc1)c1ccccc1.Cl,nM,24397.0,uM,24.397,Inactive
O=C(Cn1ncc(Cl)c(Cl)c1=O)N1CCc2ccccc21,nM,14665.0,uM,14.665,Inactive
O=[N+]([O-])c1c(Nc2ccccc2O)cc(Cl)c2nonc12,nM,14666.0,uM,14.666,Inactive
CCC(=O)OCCNc1cc(Sc2nccn2C)c2nonc2c1[N+](=O)[O-],nM,29672.0,uM,29.672,Inactive
CCS(=O)(=O)c1ncc(Cl)c(C(=O)Nc2ccc(S(=O)(=O)N(C)c3ccccc3)cc2)n1,nM,9438.0,uM,9.438,Active
CC(NC(=O)Cn1ncc(Cl)c(Cl)c1=O)C12CC3CC(CC(C3)C1)C2,nM,6480.0,uM,6.48,Active
O=c1cc(-c2c(F)c(F)c(F)c(F)c2F)oc2ccccc12,nM,10658.0,uM,10.658,Inactive
CC(C)N(CCNC(=O)c1ccc(CNS(=O)(=O)c2ccc3ccccc3c2)cc1)Cc1ccccc1,nM,31300.0,uM,31.3,Inactive
Cc1cc(C)c(S(=O)(=O)NCc2ccc(C(=O)NCCN3Cc4ccccc4C3)cc2)c(C)c1,nM,13900.0,uM,13.9,Inactive
Oc1ccc(C=NNc2ccnc3cc(Cl)ccc23)cc1O,nM,18900.0,uM,18.9,Inactive
O=C(NC(NC(=S)Nc1cccc(Cl)c1)C(Cl)(Cl)Cl)OCc1ccccc1,nM,24400.0,uM,24.4,Inactive
Oc1c(C=Nc2cccc3cccnc23)sc2ccccc12,nM,1010.0,uM,1.01,Active
CCCCC/C=C/c1c(O)cc(CC=C(C)C)c(O)c1CO,nM,5400.0,uM,5.4,Active
C[C@@H](NC(=O)[C@@H](N)Cc1ccc(O)cc1)C(=O)NC1Cc2ccccc2CN(CC(=O)N[C@@H](Cc2ccc(O)cc2)C(=O)N2CCC[C@H]2C(=O)N[C@@H](CO)C(N)=O)C1=O,nM,17.4,nM,17.4,Active
COc1ccc(CCN2CCC(Nc3nc4ccccc4n3Cc3ccc(F)cc3)CC2)cc1,nM,12979.0,uM,12.979,Inactive
CCCCc1oc2ccccc2c1C(=O)c1cc(I)c(OCCN(CC)CC)c(I)c1,nM,8014.0,uM,8.014,Active
Clc1ccc(COC(Cn2ccnc2)c2ccc(Cl)cc2Cl)cc1,nM,1442.0,uM,1.442,Active
CN(CCOc1ccc(C[C@H](Nc2ccccc2C(=O)c2ccccc2)C(=O)O)cc1)c1ccccn1,nM,3209.0,uM,3.209,Active
OCCN1CCN(CCCN2c3ccccc3Sc3ccc(C(F)(F)F)cc32)CC1,nM,24036.0,uM,24.036,Inactive
CC1(COc2ccc(CC3SC(=O)NC3=O)cc2)CCCCC1,nM,26894.0,uM,26.894,Inactive
Clc1ccccc1C(c1ccccc1)(c1ccccc1)n1ccnc1,nM,4978.0,uM,4.978,Active
CC/C(=C(/CC)c1ccc(O)cc1)c1ccc(O)cc1,nM,2718.0,uM,2.718,Active
CN(C)CCCN1c2ccccc2Sc2ccc(Cl)cc21,nM,20894.0,uM,20.894,Inactive
CC(=O)O[C@H]1C(=O)[C@@]2(C)[C@H]([C@H](OC(=O)c3ccccc3)[C@]3(O)C[C@H](OC(=O)[C@H](O)[C@@H](NC(=O)c4ccccc4)c4ccccc4)C(C)=C1C3(C)C)[C@]1(OC(C)=O)CO[C@@H]1C[C@@H]2O,nM,4202.0,uM,4.202,Active
Clc1ccc(CO/N=C(\Cn2ccnc2)c2ccc(Cl)cc2Cl)c(Cl)c1,nM,5308.1,uM,5.3081,Active
Cc1c(O)cccc1C(=O)N[C@@H](CSc1ccccc1)[C@H](O)CN1C[C@H]2CCCC[C@H]2C[C@H]1C(=O)NC(C)(C)C,nM,66149.0,uM,66.149,Inactive
C=CCN1CC[C@]23c4c5ccc(O)c4O[C@H]2/C(=N/N=C2\CC[C@@]4(O)[C@H]6Cc7ccc(O)c8c7[C@@]4(CCN6CC=C)[C@H]2O8)CC[C@@]3(O)[C@H]1C5,nM,136.0,uM,0.136,Active
Clc1ccc(COC(Cn2ccnc2)c2ccc(Cl)cc2Cl)c(Cl)c1,nM,3387.0,uM,3.387,Active
CC(C)(O)c1ccccc1CC[C@@H](SCC1(CC(=O)O)CC1)c1cccc(/C=C/c2ccc3ccc(Cl)cc3n2)c1,nM,4795.0,uM,4.795,Active
CC(=O)N1CCN(c2ccc(OCC3COC(Cn4ccnc4)(c4ccc(Cl)cc4Cl)O3)cc2)CC1,nM,12797.0,uM,12.797,Inactive
CN(C)C(=O)C(CCN1CCC(O)(c2ccc(Cl)cc2)CC1)(c1ccccc1)c1ccccc1,nM,896.0,uM,0.896,Active
CC/C(=C(\c1ccccc1)c1ccc(OCCN(C)C)cc1)c1ccccc1,nM,13339.0,uM,13.339,Inactive
CC(C)(C)NC(=O)[C@@H]1C[C@@H]2CCCC[C@@H]2CN1C[C@@H](O)[C@H](Cc1ccccc1)NC(=O)[C@H](CC(N)=O)NC(=O)c1ccc2ccccc2n1,nM,28168.0,uM,28.168,Inactive
O=C(c1ccc(OCCN2CCCCC2)cc1)c1c(-c2ccc(O)cc2)sc2cc(O)ccc12,nM,6644.0,uM,6.644,Active
CCN(C)C(=O)c1ccc([C@H](c2ccccn2)N2CCN(Cc3ccccn3)CC2)cc1,nM,5.2,nM,5.2,Active
CCN(C)C(=O)c1ccc([C@H](c2cccnc2)N2CCN(Cc3ccccn3)CC2)cc1,nM,2.0,nM,2.0,Active
CCN(C)C(=O)c1ccc([C@H](c2cccnc2)N2CCN(Cc3cscn3)CC2)cc1,nM,4.7,nM,4.7,Active
CCOC(=O)Nc1cccc([C@@H](c2ccc(C(=O)N3CCC3)cc2)N2CCN(Cc3cccnc3)CC2)c1,nM,4.1,nM,4.1,Active
CCN(C)C(=O)c1ccc([C@H](c2cccc(NC(=O)OC)c2)N2CCN(Cc3cscn3)CC2)cc1,nM,0.094,nM,0.094,Active
CCOC(=O)Nc1cccc([C@@H](c2ccc(C(=O)N(C)CC)cc2)N2CCN(Cc3c[nH]c(C)n3)CC2)c1,nM,0.7,nM,0.7,Active
CCOC(=O)Nc1cccc([C@@H](c2ccc(C(=O)N(C)CC)cc2)N2CCN(Cc3nc[nH]c3C)CC2)c1,nM,0.26,nM,0.26,Active
CCOC(=O)Nc1ccccc1[C@@H](c1ccc(C(=O)N(CC)CC)cc1)N1CCN(Cc2ccccn2)CC1,nM,1.4,nM,1.4,Active
CCOC(=O)Nc1ccc([C@@H](c2ccc(C(=O)N(CC)CC)cc2)N2CCN(Cc3cscn3)CC2)cc1,nM,1.3,nM,1.3,Active
CCOC(=O)Nc1cccc([C@@H](c2ccc(C(=O)N(CC)CC)cc2)N2CCN(Cc3cscn3)CC2)c1,nM,0.071,nM,0.071,Active
CCOC(=O)Nc1ccccc1[C@@H](c1ccc(C(=O)N(CC)CC)cc1)N1CCN(Cc2cscn2)CC1,nM,0.78,nM,0.78,Active
CCN(CC)C(=O)c1ccc([C@H](c2cccc(NC(=O)OC)c2)N2CCN(Cc3cccnc3)CC2)cc1,nM,0.68,nM,0.68,Active
CCN(CC)C(=O)c1ccc([C@H](c2cccc(NC(=O)OC)c2)N2CCN(Cc3cncs3)CC2)cc1,nM,0.35,nM,0.35,Active
CCN(C)C(=O)c1ccc([C@H](c2cccc(NC(=O)C3CCC3)c2)N2CCN(Cc3cccnc3)CC2)cc1,nM,6.6,nM,6.6,Active
CCN(C)C(=O)c1ccc([C@H](c2cccc(NC(=O)C3CC3)c2)N2CCN(CCCOC)CC2)cc1,nM,23.0,nM,23.0,Active
CCN(CC)C(=O)c1ccc([C@H](c2cccc(NC(=O)C3CC3)c2)N2CCN(CCOC)CC2)cc1,nM,1.1,nM,1.1,Active
CCN(CC)C(=O)c1ccc([C@H](c2cccc(NC(=O)C3CC3)c2)N2CCN(Cc3ccccn3)CC2)cc1,nM,0.068,nM,0.068,Active
O=C(Nc1cccc([C@@H](c2ccc(C(=O)N3CCC3)cc2)N2CCN(Cc3ccc(F)cc3)CC2)c1)C1CC1,nM,0.9,nM,0.9,Active
CN(CCO)C(=O)c1ccc([C@H](c2cccc(NC(=O)C3CC3)c2)N2CCN(Cc3ccc(F)cc3)CC2)cc1,nM,0.27,nM,0.27,Active
CCN(CC)C(=O)c1ccc([C@H](c2cccc(NC(=O)C3CC3)c2)N2CCN(Cc3ccc(F)cc3)CC2)cc1,nM,0.29,nM,0.29,Active
CCN(CC)C(=O)c1ccc(C(=C2CCN(Cc3ccc(F)cc3)CC2)c2cccc(F)c2)cc1,nM,0.78,nM,0.78,Active
CCN(CC)C(=O)c1ccc(C(=C2CCN(Cc3ccc(F)cc3)CC2)c2ccccn2)cc1,nM,0.2,nM,0.2,Active
CCN(CC)C(=O)c1ccc(C(=C2CCN(Cc3ccc(F)cc3)CC2)c2cccnc2)cc1,nM,0.7,nM,0.7,Active
CCN(CC)C(=O)c1ccc(C(=C2CCN(Cc3ccc(F)cc3)CC2)c2ccncc2)cc1,nM,200.0,nM,200.0,Active
CCN(CC)C(=O)c1ccc(C(=C2CCN(Cc3ccc(F)cc3)CC2)c2cccc3cccnc23)cc1,nM,0.26,nM,0.26,Active
CCN(C)C(=O)c1ccc(C(=C2CCN(Cc3ccc(F)cc3)CC2)c2ccccc2NC(C)=O)cc1,nM,0.45,nM,0.45,Active
CCN(CC)C(=O)c1ccc(C(=C2CCN(Cc3ccc(F)cc3)CC2)c2cccc(NC(C)=O)c2)cc1,nM,0.22,nM,0.22,Active
CCN(CC)C(=O)c1ccc(C(=C2CCN(Cc3ccc(F)cc3)CC2)c2ccc(NC(C)=O)cc2)cc1,nM,0.25,nM,0.25,Active
CCN(CC)C(=O)c1ccc(C(=C2CCN(Cc3ccc(F)cc3)CC2)c2ccccc2NC(=O)OC)cc1,nM,1.8,nM,1.8,Active
CCN(CC)C(=O)c1ccc(C(=C2CCN(Cc3ccc(F)cc3)CC2)c2cccc(NC(=O)OC)c2)cc1,nM,0.082,nM,0.082,Active
CCN(CC)C(=O)c1ccc(C(=C2CCN(Cc3ccc(F)cc3)CC2)c2ccc(NC(=O)OC)cc2)cc1,nM,0.75,nM,0.75,Active
CCN(CC)C(=O)c1ccc(C(=C2CCN(Cc3cscn3)CC2)c2cccc3cccnc23)cc1,nM,0.16,nM,0.16,Active
O=C(c1ccc(C(=C2CCN(Cc3cscn3)CC2)c2cccc3cccnc23)cc1)N1CCCC1,nM,0.2,nM,0.2,Active
CCN(C)C(=O)c1ccc(C(=C2CCN(Cc3cscn3)CC2)c2cccc3cccnc23)cc1,nM,0.27,nM,0.27,Active
O=C(c1ccc(C(=C2CCN(Cc3cscn3)CC2)c2cccc3cccnc23)cc1)N1CCC1,nM,0.39,nM,0.39,Active
CN(C)C(=O)c1ccc(C(=C2CCN(Cc3cscn3)CC2)c2cccc3cccnc23)cc1,nM,0.17,nM,0.17,Active
O=C(c1ccc(C(=C2CCN(Cc3cscn3)CC2)c2cccc3cccnc23)cc1)N1CCOCC1,nM,0.67,nM,0.67,Active
CN1CCN(C(=O)c2ccc(C(=C3CCN(Cc4cscn4)CC3)c3cccc4cccnc34)cc2)CC1,nM,3.4,nM,3.4,Active
O=C(c1ccc(C(=C2CCN(Cc3cscn3)CC2)c2cccc3cccnc23)cc1)N1CCC(O)CC1,nM,0.63,nM,0.63,Active
CN(CCO)C(=O)c1ccc(C(=C2CCN(Cc3cscn3)CC2)c2cccc3cccnc23)cc1,nM,0.28,nM,0.28,Active
CCN(CC)C(=O)c1ccc(C(=C2CCNCC2)c2ccccn2)cc1,nM,2.4,nM,2.4,Active
CCN(CC)C(=O)c1ccc(C(=C2CCN(Cc3cscn3)CC2)c2ccccn2)cc1,nM,0.46,nM,0.46,Active
CN(C)C(=O)c1ccc(C(=C2CCN(Cc3cscn3)CC2)c2ccccn2)cc1,nM,2.7,nM,2.7,Active
COc1ccc(-c2ccc(CCNC(=O)c3ccc4c(c3)C3(C)CCN(CC5CC5)C(C4)C3C)cc2)cc1OC,nM,70.0,nM,70.0,Active
COc1cc(O)c2c(c1)CC(=O)CCCC(=O)CCC[C@@H](C)OC2=O,nM,14620.0,10'-5M,1.462,Inactive
CC1(C)SSC(C)(C)[C@H](NC(=O)[C@@H](N)Cc2ccc(O)cc2)C(=O)NCC(=O)N[C@H](Cc2ccccc2)C(=O)N[C@@H]1C(=O)O,nM,1.9,nM,1.9,Active
COC(=O)c1cc(-c2ccc(OC)cc2)c(-c2ccc(OC)cc2)s1,nM,19800.0,uM,19.8,Inactive
COc1ccc(OS(=O)(=O)c2sc(Br)cc2Br)cc1,nM,35700.0,uM,35.7,Inactive
CN(C)c1cccc2c1c(NC(=O)Nc1ccc(OCc3ccccc3)cc1)nn2C,nM,4380.0,uM,4.38,Active
CN(C)c1cc(NC(=O)Nc2ccccc2)c2ccccc2n1,nM,69500.0,uM,69.5,Inactive
CCCC(C)CN1CCC(c2cccc(O)c2)(c2ncc(C(=O)N(CC)CC)cn2)CC1,nM,21.0,nM,21.0,Active
CCC[C@@H](C)CN1CCC(c2cccc(O)c2)(c2ncc(C(=O)N(CC)CC)cn2)CC1,nM,35.0,nM,35.0,Active
CCCC(C)CN1CCC(c2cccc(C(N)=O)c2)(c2ncc(C(=O)N(CC)CC)cn2)CC1,nM,35.0,nM,35.0,Active
COC(=O)c1cc(Br)cnc1N1CC[C@@H](NC2CCCCC2)[C@H](O)C1,nM,3500.0,nM,3500.0,Active
Cc1nn(-c2ccc(Cl)cc2Br)c2c1C(=O)CC(C)(C)C2,nM,3380.0,uM,3.38,Active
Cc1nn(-c2ccc(Br)cc2Br)c2c1C(=O)CC(C)(C)C2,nM,1690.0,uM,1.69,Active
Cc1nn(-c2ccc(Cl)cc2Cl)c2c1C(=O)CC(C)(C)C2,nM,10000.0,uM,10.0,Inactive
Cc1cc(O)cc(C)c1C[C@H](N)C(=O)N[C@@H](C)C(=O)NCC(=O)N(C)[C@@H](Cc1ccccc1)C(=O)N1CCC[C@H]1C(=O)N[C@@H](CC(C)C)C(=O)N[C@@H](Cc1c[nH]c2ccccc12)C(=O)NCc1cc(C(F)(F)F)cc(C(F)(F)F)c1,nM,30.0,nM,30.0,Active
Cc1cc(O)cc(C)c1C[C@H](N)C(=O)N[C@@H](C)C(=O)NCC(=O)N[C@@H](Cc1ccccc1)C(=O)N1CCC[C@H]1C(=O)N[C@@H](CC(C)C)C(=O)N[C@@H](Cc1c[nH]c2ccccc12)C(=O)NCc1cc(C(F)(F)F)cc(C(F)(F)F)c1,nM,7.2,nM,7.2,Active
Cc1cc(O)cc(C)c1C[C@H](N)C(=O)N[C@@H](C)C(=O)NCC(=O)N[C@@H](Cc1ccc(F)cc1)C(=O)N1CCC[C@H]1C(=O)N[C@@H](CC(C)C)C(=O)N[C@@H](Cc1c[nH]c2ccccc12)C(=O)NCc1cc(C(F)(F)F)cc(C(F)(F)F)c1,nM,21.0,nM,21.0,Active
CSCC[C@H](NC(=O)[C@H](Cc1ccccc1)NC(=O)CNC(=O)CNC(=O)[C@@H](N)Cc1ccc(O)cc1)C(=O)O,nM,6.4,nM,6.4,Active
C[C@H](NC(=O)[C@@H](N)Cc1ccc(O)cc1)C(=O)N[C@@H](Cc1ccccc1)C(=O)NCC(=O)N[C@@H](Cc1ccc(O)cc1)C(=O)N1CCC[C@H]1C(=O)N[C@@H](CO)C(N)=O,nM,1247.0,nM,1247.0,Active
Cc1cc(O)cc(C)c1C[C@H](N)C(=O)N1Cc2ccccc2C[C@@H]1C(=O)NCC(=O)N(c1ccccc1)c1ccccc1,nM,8.3,nM,8.3,Active
Cc1cc(O)cc(C)c1C[C@H](N)C(=O)N1Cc2ccccc2C[C@@H]1C(=O)NCC(=O)N1CCc2ccccc2C1,nM,2.3,nM,2.3,Active
C=CCN1C[C@H](C)N([C@@H](c2cccc(O)c2)c2cccc(C(=O)N(C)c3cccc(F)c3)c2)C[C@H]1C,nM,3.4,nM,3.4,Active
COCCOCCOCCOCCOCCOCCOCCOCCOCCO[C@H]1CC[C@@]2(O)[C@H]3Cc4ccc(O)c5c4[C@@]2(CCN3CC2CCC2)C1O5,nM,8970.0,nM,8970.0,Active
O=C(NCC1NCCc2ccccc21)c1cccc(Cl)c1,nM,170.0,uM,0.17,Active
O=C(NCC1NCCc2ccccc21)c1ccc(OC(F)(F)F)cc1,nM,40.0,uM,0.04,Active
O=C(NCC1NCCc2ccccc21)c1ccc(F)cc1,nM,40.0,uM,0.04,Active
O=C(NCC1NCCc2ccccc21)c1ccc(Cl)cc1,nM,4180.0,uM,4.18,Active
CCc1ccc(C(=O)NCC2c3ccccc3CCN2C)cc1,nM,190.0,uM,0.19,Active
Cc1cc(C)cc(C2CCCN2Cc2ccc(Oc3ccc(C(N)=O)cc3F)c(Cl)c2)c1,nM,15.82,nM,15.82,Active
Cc1cc(C)cc(C2CCCN2Cc2ccc(Oc3ccc(C(N)=O)cc3F)cc2)c1,nM,95.5,nM,95.5,Active
CC(C)(C)NS(=O)(=O)c1ccc(-c2sc(C(=O)N[C@H]3C[C@H](C(=O)O)C3)nc2CC2CCCCC2)c2ccccc12,nM,6.0,nM,6.0,Active
N[C@@H](Cc1ccc(O)cc1)C(=O)N1Cc2ccccc2C[C@@H]1C(=O)NCC(=O)NCC(=O)N[C@H](CCCCNC(=O)CNC(=O)[C@@H](Cc1cccc2ccccc12)NC(=O)[C@H](Cc1ccccc1)NC(=O)[C@@H]1CCCN1C(=O)[C@@H](N)Cc1ccc(O)cc1)C(=O)O,nM,58.0,nM,58.0,Active
N[C@@H](Cc1ccc(O)cc1)C(=O)N1Cc2ccccc2C[C@@H]1C(=O)NCC(=O)NCCCCC(=O)N[C@H](CCCCNC(=O)CNC(=O)[C@@H](Cc1cccc2ccccc12)NC(=O)[C@H](Cc1ccccc1)NC(=O)[C@@H]1CCCN1C(=O)[C@@H](N)Cc1ccc(O)cc1)C(=O)O,nM,58.0,nM,58.0,Active
N[C@@H](Cc1ccc(O)cc1)C(=O)N1Cc2ccccc2C[C@@H]1C(=O)NCC(=O)NCCCC(=O)N[C@H](CCCCNC(=O)CCNC(=O)CNC(=O)[C@@H](Cc1cccc2ccccc12)NC(=O)[C@H](Cc1ccccc1)NC(=O)[C@@H]1CCCN1C(=O)[C@@H](N)Cc1ccc(O)cc1)C(=O)O,nM,68.0,nM,68.0,Active
N[C@@H](Cc1ccc(O)cc1)C(=O)N1Cc2ccccc2C[C@@H]1C(=O)NCC(=O)NCCCCC(=O)N[C@H](CCCCNC(=O)CCCCNC(=O)CNC(=O)[C@@H](Cc1cccc2ccccc12)NC(=O)[C@H](Cc1ccccc1)NC(=O)[C@@H]1CCCN1C(=O)[C@@H](N)Cc1ccc(O)cc1)C(=O)O,nM,76.0,nM,76.0,Active
N[C@@H](Cc1ccc(O)cc1)C(=O)N1Cc2ccccc2C[C@@H]1C(=O)NCC(=O)NCCC(=O)NCCCCCC(=O)N[C@H](CCCCNC(=O)CCCCCNC(=O)CNC(=O)[C@@H](Cc1cccc2ccccc12)NC(=O)[C@H](Cc1ccccc1)NC(=O)[C@@H]1CCCN1C(=O)[C@@H](N)Cc1ccc(O)cc1)C(=O)O,nM,100.0,nM,100.0,Active
N[C@@H](Cc1ccc(O)cc1)C(=O)N1Cc2ccccc2C[C@@H]1C(=O)NCC(=O)NCC(=O)NCCCCCC(=O)NCCC(=O)N[C@H](CCCCNC(=O)CCNC(=O)CCCCCNC(=O)CCNC(=O)CNC(=O)[C@@H](Cc1cccc2ccccc12)NC(=O)[C@H](Cc1ccccc1)NC(=O)[C@@H]1CCCN1C(=O)[C@@H](N)Cc1ccc(O)cc1)C(=O)O,nM,94.0,nM,94.0,Active
N[C@@H](Cc1ccc(O)cc1)C(=O)N1Cc2ccccc2CC1C(=O)O,nM,100.0,nM,100.0,Active
N[C@@H](Cc1ccc(O)cc1)C(=O)N[C@@H]1CSSC[C@@H](NC(=O)[C@@H](N)Cc2ccc(O)cc2)C(=O)NCC(=O)N[C@@H](Cc2ccc(F)cc2)C(=O)N2CCN(CC2)C(=O)[C@H](Cc2ccc(F)cc2)NC(=O)CNC1=O.O=C(O)C(F)(F)F.O=C(O)C(F)(F)F,nM,404.0,nM,404.0,Active
N[C@@H](Cc1ccc(O)cc1)C(=O)N[C@@H]1CSCc2ccccc2CSC[C@@H](NC(=O)[C@@H](N)Cc2ccc(O)cc2)C(=O)NCC(=O)N[C@@H](Cc2ccc(F)cc2)C(=O)NNC(=O)[C@H](Cc2ccc(F)cc2)NC(=O)CNC1=O.O=C(O)C(F)(F)F.O=C(O)C(F)(F)F,nM,8.9,nM,8.9,Active
CC(C)C[C@H](NC(=O)C1CCCN1C(=O)[C@@H](N)Cc1ccc(O)cc1)C(=O)N[C@@H](CC(=O)O)C(=O)N[C@@H](CC(C)C)C(=O)N[C@@H](Cc1ccccc1)C(=O)O,nM,24400.0,uM,24.4,Inactive
CC(C)C[C@H](NC(=O)[C@H](CC(=O)O)NC(=O)[C@H](CC(C)C)NC(=O)C1CCCN1C(=O)[C@@H](N)Cc1ccc(O)cc1)C(=O)O,nM,51000.0,uM,51.0,Inactive
Cc1cnc(N2CC[C@H](NC3CCCCC3)[C@@H](O)C2)c(-c2nc(C)no2)c1,nM,2410.0,nM,2410.0,Active
CCc1cc(F)c2nc(N3CCC(N[C@@H]4CCCOC4)CC3)c(-c3nc(C)no3)c(C)c2c1,nM,4500.0,nM,4500.0,Active
Cc1ccc2nc(N3CCC(NC4CCOCC4)CC3)c(-c3nc(C)no3)cc2c1,nM,4410.0,nM,4410.0,Active
CCc1cc(F)c2nc(N3CCC(NC4CCOCC4)CC3)c(-c3nc(C)no3)c(C)c2c1,nM,6500.0,nM,6500.0,Active
O=C1N[C@@H](Cc2ccccc2)C(=O)N2CCC[C@@H]2C(=O)N[C@@H](Cc2ccccc2)C(=O)N[C@H]1Cc1c[nH]c2ccccc12,nM,2600.0,nM,2600.0,Active
N[C@@H](Cc1ccc(O)cc1)C(=O)N[C@@H]1C/C=C\C[C@@H](NC(=O)[C@@H](N)Cc2ccc(O)cc2)C(=O)NCC(=O)N[C@@H](Cc2ccccc2)C(=O)NNC(=O)[C@H](Cc2ccccc2)NC(=O)CNC1=O.O=C(O)C(F)(F)F.O=C(O)C(F)(F)F,nM,44.8,nM,44.8,Active
N[C@@H](Cc1ccc(O)cc1)C(=O)N[C@@H]1C/C=C/C[C@@H](NC(=O)[C@@H](N)Cc2ccc(O)cc2)C(=O)NCC(=O)N[C@@H](Cc2ccccc2)C(=O)NNC(=O)[C@H](Cc2ccccc2)NC(=O)CNC1=O.O=C(O)C(F)(F)F.O=C(O)C(F)(F)F,nM,0.36,nM,0.36,Active
Oc1ccc2c3c1O[C@H]1c4ncc(-c5ccc(Cl)cc5)cc4C[C@@]4(OCCCc5ccccc5)[C@@H](C2)N(CC2CC2)CC[C@]314,nM,4.88,nM,4.88,Active
Oc1ccc2c3c1O[C@H]1c4ncc(-c5ccccc5)cc4C[C@@]4(OCCCc5ccccc5)[C@@H](C2)N(CC2CC2)CC[C@]314,nM,0.93,nM,0.93,Active
Oc1ccc2c3c1O[C@H]1c4ncc(-c5ccc(F)cc5)cc4C[C@@]4(OCCCc5ccccc5)[C@@H](C2)N(CC2CC2)CC[C@]314,nM,34.5,nM,34.5,Active
Oc1ccc2c3c1O[C@H]1c4ncc(-c5ccc(F)cc5F)cc4C[C@@]4(OCCCc5ccccc5)[C@@H](C2)N(CC2CC2)CC[C@]314,nM,3.2,nM,3.2,Active
Cc1ccccc1-c1cnc2c(c1)C[C@@]1(OCCCc3ccccc3)[C@H]3Cc4ccc(O)c5c4[C@@]1(CCN3CC1CC1)[C@H]2O5,nM,14.3,nM,14.3,Active
Cc1ccc(-c2cnc3c(c2)C[C@@]2(OCCCc4ccccc4)[C@H]4Cc5ccc(O)c6c5[C@@]2(CCN4CC2CC2)[C@H]3O6)cc1,nM,3.63,nM,3.63,Active
Cc1cc(F)ccc1-c1cnc2c(c1)C[C@@]1(OCCCc3ccccc3)[C@H]3Cc4ccc(O)c5c4[C@@]1(CCN3CC1CC1)[C@H]2O5,nM,28.2,nM,28.2,Active
Oc1ccc2c3c1O[C@H]1c4ncc(-c5ccccc5C5CC5)cc4C[C@@]4(OCCCc5ccccc5)[C@@H](C2)N(CC2CC2)CC[C@]314,nM,2.48,nM,2.48,Active
Cc1cccc(C)c1-c1cnc2c(c1)C[C@@]1(OCCCc3ccccc3)[C@H]3Cc4ccc(O)c5c4[C@@]1(CCN3CC1CC1)[C@H]2O5,nM,51.6,nM,51.6,Active
COc1ccccc1-c1cnc2c(c1)C[C@@]1(OCCCc3ccccc3)[C@H]3Cc4ccc(O)c5c4[C@@]1(CCN3CC1CC1)[C@H]2O5,nM,0.79,nM,0.79,Active
COc1cccc(-c2cnc3c(c2)C[C@@]2(OCCCc4ccccc4)[C@H]4Cc5ccc(O)c6c5[C@@]2(CCN4CC2CC2)[C@H]3O6)c1,nM,2.4,nM,2.4,Active
COc1ccc(-c2cnc3c(c2)C[C@@]2(OCCCc4ccccc4)[C@H]4Cc5ccc(O)c6c5[C@@]2(CCN4CC2CC2)[C@H]3O6)cc1,nM,22.0,nM,22.0,Active
Oc1cccc(-c2cnc3c(c2)C[C@@]2(OCCCc4ccccc4)[C@H]4Cc5ccc(O)c6c5[C@@]2(CCN4CC2CC2)[C@H]3O6)c1,nM,1.28,nM,1.28,Active
CN(C)c1ccccc1-c1cnc2c(c1)C[C@@]1(OCCCc3ccccc3)[C@H]3Cc4ccc(O)c5c4[C@@]1(CCN3CC1CC1)[C@H]2O5,nM,12.3,nM,12.3,Active
CN(C)c1cccc(-c2cnc3c(c2)C[C@@]2(OCCCc4ccccc4)[C@H]4Cc5ccc(O)c6c5[C@@]2(CCN4CC2CC2)[C@H]3O6)c1,nM,3.76,nM,3.76,Active
CN(C)c1ccc(-c2cnc3c(c2)C[C@@]2(OCCCc4ccccc4)[C@H]4Cc5ccc(O)c6c5[C@@]2(CCN4CC2CC2)[C@H]3O6)cc1,nM,2.53,nM,2.53,Active
CN(C)Cc1ccccc1-c1cnc2c(c1)C[C@@]1(OCCCc3ccccc3)[C@H]3Cc4ccc(O)c5c4[C@@]1(CCN3CC1CC1)[C@H]2O5,nM,11.7,nM,11.7,Active
Oc1ccc2c3c1O[C@H]1c4ncc(-n5cccc5)cc4C[C@@]4(OCCCc5ccccc5)[C@@H](C2)N(CC2CC2)CC[C@]314,nM,0.98,nM,0.98,Active
Oc1ccc2c3c1O[C@H]1c4ncc(-c5ccccn5)cc4C[C@@]4(OCCCc5ccccc5)[C@@H](C2)N(CC2CC2)CC[C@]314,nM,0.51,nM,0.51,Active
Oc1ccc2c3c1O[C@H]1c4ncc(-c5cccnc5)cc4C[C@@]4(OCCCc5ccccc5)[C@@H](C2)N(CC2CC2)CC[C@]314,nM,0.67,nM,0.67,Active
Oc1ccc2c3c1O[C@H]1c4ncc(-c5ccncc5)cc4C[C@@]4(OCCCc5ccccc5)[C@@H](C2)N(CC2CC2)CC[C@]314,nM,18.3,nM,18.3,Active
Cc1cc(-c2cnc3c(c2)C[C@@]2(OCCCc4ccccc4)[C@H]4Cc5ccc(O)c6c5[C@@]2(CCN4CC2CC2)[C@H]3O6)ccn1,nM,0.39,nM,0.39,Active
COc1cc(-c2cnc3c(c2)C[C@@]2(OCCCc4ccccc4)[C@H]4Cc5ccc(O)c6c5[C@@]2(CCN4CC2CC2)[C@H]3O6)ccn1,nM,0.7,nM,0.7,Active
Oc1ccc2c3c1O[C@H]1c4ncc(-c5ccncn5)cc4C[C@@]4(OCCCc5ccccc5)[C@@H](C2)N(CC2CC2)CC[C@]314,nM,0.71,nM,0.71,Active
Oc1ccc2c3c1O[C@H]1c4ncc(-c5cncnc5)cc4C[C@@]4(OCCCc5ccccc5)[C@@H](C2)N(CC2CC2)CC[C@]314,nM,0.87,nM,0.87,Active
Oc1ccc2c3c1O[C@H]1c4ncc(-c5cnccn5)cc4C[C@@]4(OCCCc5ccccc5)[C@@H](C2)N(CC2CC2)CC[C@]314,nM,1.27,nM,1.27,Active
Oc1ccc2c3c1O[C@H]1c4ncc(-c5cn[nH]c5)cc4C[C@@]4(OCCCc5ccccc5)[C@@H](C2)N(CC2CC2)CC[C@]314,nM,0.62,nM,0.62,Active
Cn1cc(-c2cnc3c(c2)C[C@@]2(OCCCc4ccccc4)[C@H]4Cc5ccc(O)c6c5[C@@]2(CCN4CC2CC2)[C@H]3O6)cn1,nM,19.6,nM,19.6,Active
Cc1nocc1-c1cnc2c(c1)C[C@@]1(OCCCc3ccccc3)[C@H]3Cc4ccc(O)c5c4[C@@]1(CCN3CC1CC1)[C@H]2O5,nM,0.68,nM,0.68,Active
Oc1ccc2c3c1O[C@H]1c4ncc(-c5ccc(Cl)cc5)cc4C[C@@]4(OCCCc5ccncc5)[C@@H](C2)N(CC2CC2)CC[C@]314,nM,4.69,nM,4.69,Active
Oc1ccc2c3c1O[C@H]1c4ncc(-c5ccc(Cl)cc5)cc4C[C@@]4(OCCOc5ccccc5)[C@@H](C2)N(CC2CC2)CC[C@]314,nM,25.4,nM,25.4,Active
Oc1ccc2c3c1O[C@H]1c4ncc(-c5ccc(Cl)cc5)cc4C[C@@]4(OCc5ccc6ccccc6n5)[C@@H](C2)N(CC2CC2)CC[C@]314,nM,10.8,nM,10.8,Active
Oc1ccc2c3c1O[C@H]1c4ncc(-c5ccccc5)cc4C[C@@]4(OCCCc5ccc(F)cc5)[C@@H](C2)N(CC2CC2)CC[C@]314,nM,63.8,nM,63.8,Active
Oc1ccc2c3c1O[C@H]1c4ncc(-c5ccccc5)cc4C[C@@]4(OCCCC5CCCCC5)[C@@H](C2)N(CC2CC2)CC[C@]314,nM,28.7,nM,28.7,Active
Oc1ccc2c3c1O[C@H]1c4ncc(-c5ccccc5)cc4C[C@@]4(OCCCCc5ccccc5)[C@@H](C2)N(CC2CC2)CC[C@]314,nM,66.6,nM,66.6,Active
CC[C@@H]1CN2CC[C@]3(O)c4c(cccc4OC)NC3[C@@H]2C[C@@H]1/C(=C\OC)C(=O)OC,nM,2524.0,nM,2524.0,Active
C[C@@H](NC(=O)[C@@H](N)Cc1ccc(O)cc1)C(=O)N[C@@H](Cc1ccccc1)C(=O)NCC(N)=O,nM,1247.0,nM,1247.0,Active
C[C@@H](Cc1ccsc1)NC(=O)NC[C@H](Cc1ccc(O)cc1)N(C)C,nM,108.4,nM,108.4,Active
CC(C)C[C@@H](NC(=O)[C@H](Cc1ccccc1)NC(=O)CNC(=O)[C@@H](C)NC(=O)[C@@H](N)Cc1ccc(O)cc1)C(=O)O,nM,0.04,nM,0.04,Active
Oc1ccccc1N1[C@@H]2CC[C@H]1CN(CCCc1ccccc1)C2,nM,1.75,nM,1.75,Active
Oc1cccc(N2[C@@H]3CC[C@H]2CN(CCc2ccccc2)C3)c1,nM,23.51,nM,23.51,Active
CN(C)[C@]1(c2ccccc2)CC[C@]2(CC1)OCCc1c3cc(F)ccc3[nH]c12,nM,3.77,nM,3.77,Active
CN(C)[C@]1(c2ccc(Br)cc2)CC[C@](O)(CCc2ccccc2)CC1,nM,0.79,nM,0.79,Active
COc1ccc(F)cc1-c1ccnc2[nH]c(C3=CC4CCC(C3)N4CC(=O)N(C)CCO)cc12,nM,114.0,nM,114.0,Active
Oc1ccc2c3c1O[C@H]1c4[nH]c5ccccc5c4C[C@@]4(O)[C@H](C2)N(CC2CC2)CC[C@]314,nM,0.158,nM,0.158,Active
